transaction_id,block,block_ts,from_address,to_address,confirmed,contractRet,quant
d9b8ee9cdd92f31b7b99bcfea505320105d6564bd463b43897871d345420f055,29925467,2021/05/05 13:41:42,THPvaUhoh2Qn2y9THCZML3H815hhFhn5YC,TKHuVq1oKVruCGLvqVexFs6dawKv6fQgFs,true,SUCCESS,2000000000.000000
c77d6d3ac5451e1092b5fe7823d0a756ce0b32bf7f35654c811921809b2ac092,29925424,2021/05/05 13:39:33,TBPxhVAsuzoFnKyXtc1o2UySEydPHgATto,THPvaUhoh2Qn2y9THCZML3H815hhFhn5YC,true,SUCCESS,2000000000.000000
c64b68eaa9807473a890bcff5dedce2cb09ee68b96f75e8b49c9afa4a38389f9,29876664,2021/05/03 20:59:03,THPvaUhoh2Qn2y9THCZML3H815hhFhn5YC,TKHuVq1oKVruCGLvqVexFs6dawKv6fQgFs,true,SUCCESS,1000000000.000000
6000e152d4b1ecf9825cd1f8498d508f34292c20f9c4f527fe6c507da57ef132,29876618,2021/05/03 20:56:45,TBPxhVAsuzoFnKyXtc1o2UySEydPHgATto,THPvaUhoh2Qn2y9THCZML3H815hhFhn5YC,true,SUCCESS,1000000000.000000
c7af329c3b05d41deae2b166cb7791302cdb7ac291953a185bf2cfd076f34418,29502191,2021/04/20 19:54:12,TAUN6FwrnwwmaEqYcckffC7wYmbaS6cBiX,THPvaUhoh2Qn2y9THCZML3H815hhFhn5YC,true,SUCCESS,9.000000
02b894de6ee3854cdc54f549d32210e5877a030bb9d8a8b3df6dbe64952c058a,29475326,2021/04/19 21:29:45,THPvaUhoh2Qn2y9THCZML3H815hhFhn5YC,TKHuVq1oKVruCGLvqVexFs6dawKv6fQgFs,true,SUCCESS,2000000000.000000
543cb434ffba91d1c6a29cc75ac8b768b4733bf0a5dea6bf38e5d60388267bf4,29475301,2021/04/19 21:28:30,T9yD14Nj9j7xAB4dbGeiX9h8unkKHxuWwb,THPvaUhoh2Qn2y9THCZML3H815hhFhn5YC,true,SUCCESS,2000000000.000000
97a8bb65bd07efd45319c23c17443fd523785b38fcf28f618c896c57fb1ffe41,29467439,2021/04/19 14:55:06,TWjz6ekzfwTGdsDxHsqHTBpgBV1W7S8Gij,THPvaUhoh2Qn2y9THCZML3H815hhFhn5YC,true,SUCCESS,0.275498
bbab08c5ea035afec143b2f24e61f9a84f4f0a227a2c0e23e900959b73f172c3,29371747,2021/04/16 05:04:03,TCuh36RWKAKF1AJpY7YBFz3PQ2q3t3Wduh,THPvaUhoh2Qn2y9THCZML3H815hhFhn5YC,true,SUCCESS,1000000.00000000
a5fa6c12a9035cb6b79ae3f430e936ea2990c2d5d4d7e5649100d3a618189ad8,29351061,2021/04/15 11:24:27,TNzj7EeWv7rBopM85ErKKTe5HabZehZEdP,THPvaUhoh2Qn2y9THCZML3H815hhFhn5YC,true,SUCCESS,0.90000000
f1216e72c862d3b82d9df26b388dc7f1faf777adeb0854feb57e5905c09e00f7,29327425,2021/04/14 15:41:36,THPvaUhoh2Qn2y9THCZML3H815hhFhn5YC,TKHuVq1oKVruCGLvqVexFs6dawKv6fQgFs,true,SUCCESS,2000000000.000000
4d05ec6349c8ea953052c65269d621edbe28b877d5ac1f3b7deb1013975a92be,29327411,2021/04/14 15:40:54,T9yD14Nj9j7xAB4dbGeiX9h8unkKHxuWwb,THPvaUhoh2Qn2y9THCZML3H815hhFhn5YC,true,SUCCESS,2000000000.000000
43f2480f852bf1c4f108c7b48c254c50cf785faebf37162aa5b9779dc3c38091,29266935,2021/04/12 12:17:51,THPvaUhoh2Qn2y9THCZML3H815hhFhn5YC,TKHuVq1oKVruCGLvqVexFs6dawKv6fQgFs,true,SUCCESS,1000000000.000000
807aa65d982ad759fd5915e4e5b50ed94a4bb0e6f9fba8693b34b8e36a5dd4f7,29266914,2021/04/12 12:16:48,T9yD14Nj9j7xAB4dbGeiX9h8unkKHxuWwb,THPvaUhoh2Qn2y9THCZML3H815hhFhn5YC,true,SUCCESS,1000000000.000000
0e1ecaac875b6f34c525e61e4d98349db4a871e940f0d380f0daca433366bad9,29097525,2021/04/06 10:28:09,THPvaUhoh2Qn2y9THCZML3H815hhFhn5YC,TKHuVq1oKVruCGLvqVexFs6dawKv6fQgFs,true,SUCCESS,1200000000.000000
2e91cd81f41db06d8ecb0260dc9c5756f6f6e660dabb46f89115bdd18046e760,29097501,2021/04/06 10:26:51,T9yD14Nj9j7xAB4dbGeiX9h8unkKHxuWwb,THPvaUhoh2Qn2y9THCZML3H815hhFhn5YC,true,SUCCESS,1200000000.000000
ec2f4293d1fdd3e06644a9f652c09281846de1584bd2f466f9c141d6458acda6,28965444,2021/04/01 15:18:15,THPvaUhoh2Qn2y9THCZML3H815hhFhn5YC,TKHuVq1oKVruCGLvqVexFs6dawKv6fQgFs,true,SUCCESS,1200000000.000000
a83af0aea5ad7c3a832968381c17e9d0aaf5d2e87fb42c3a548c339e1855a614,28965422,2021/04/01 15:17:09,T9yD14Nj9j7xAB4dbGeiX9h8unkKHxuWwb,THPvaUhoh2Qn2y9THCZML3H815hhFhn5YC,true,SUCCESS,1200000000.000000
307cdf7b7de190c5c2f9819d63de882f34e00a673f9f9f8984ebcdae6a09875d,28826323,2021/03/27 19:06:36,THPvaUhoh2Qn2y9THCZML3H815hhFhn5YC,TKHuVq1oKVruCGLvqVexFs6dawKv6fQgFs,true,SUCCESS,800000000.000000
8497680132905357dcc3914115f08dfddadd76fd1b28a320e27f404bcb2a5880,28826306,2021/03/27 19:05:45,T9yD14Nj9j7xAB4dbGeiX9h8unkKHxuWwb,THPvaUhoh2Qn2y9THCZML3H815hhFhn5YC,true,SUCCESS,800000000.000000
d598d2b7f1ab31a6cd2e5010badc4e3b57e63287de42a1b0f307f6794130beef,28475214,2021/03/15 14:10:42,THPvaUhoh2Qn2y9THCZML3H815hhFhn5YC,TKHuVq1oKVruCGLvqVexFs6dawKv6fQgFs,true,SUCCESS,1000000000.000000
39adbd8943df8a798b2bccb7858cbc2965b213735840fcf940d798a053397c40,28475194,2021/03/15 14:09:42,T9yD14Nj9j7xAB4dbGeiX9h8unkKHxuWwb,THPvaUhoh2Qn2y9THCZML3H815hhFhn5YC,true,SUCCESS,1000000000.000000
955b3601d0ab1fca5fa1b4197a4737aebefc9df1b10e86d77c4f9f9bcf961674,28340546,2021/03/10 21:51:06,THPvaUhoh2Qn2y9THCZML3H815hhFhn5YC,TKHuVq1oKVruCGLvqVexFs6dawKv6fQgFs,true,SUCCESS,1000000000.000000
499b29f665e4f6de84baca7bd20e58a42ada7d2b33fe020019488e3893e4eefd,28340522,2021/03/10 21:49:54,T9yD14Nj9j7xAB4dbGeiX9h8unkKHxuWwb,THPvaUhoh2Qn2y9THCZML3H815hhFhn5YC,true,SUCCESS,1000000000.000000
a554881139020b3a9b959271c10036f5fbf8bc8f27df0fa626697fd5fdc2d5e3,28219604,2021/03/06 16:58:18,TAFj8HmrKzjBgcHxgAV6nTvSwwijnxYjmt,THPvaUhoh2Qn2y9THCZML3H815hhFhn5YC,true,SUCCESS,9966.000000
c787e22b16a0b9d093cdabc2f949701ceeee6d355184270da08edf872021f0b1,28135466,2021/03/03 18:21:09,THPvaUhoh2Qn2y9THCZML3H815hhFhn5YC,TKHuVq1oKVruCGLvqVexFs6dawKv6fQgFs,true,SUCCESS,750000000.000000
fba645b910ec9deecf61a5fd9d8634969b4f4b7fbb5cb46fbec824f70942a68b,28135451,2021/03/03 18:20:24,T9yD14Nj9j7xAB4dbGeiX9h8unkKHxuWwb,THPvaUhoh2Qn2y9THCZML3H815hhFhn5YC,true,SUCCESS,750000000.000000
5f4292a8e248131ae190f76b01c4e4c48ed13f5dd7fe5fbc1fd3931f4d63ea3f,28079183,2021/03/01 19:21:48,THPvaUhoh2Qn2y9THCZML3H815hhFhn5YC,TKHuVq1oKVruCGLvqVexFs6dawKv6fQgFs,true,SUCCESS,750000000.000000
13a347a13520cd1a99753dca626602d2cb9c12c7e9115ae49798e9a54df1d7da,28079165,2021/03/01 19:20:54,T9yD14Nj9j7xAB4dbGeiX9h8unkKHxuWwb,THPvaUhoh2Qn2y9THCZML3H815hhFhn5YC,true,SUCCESS,750000000.000000
86954aff64f296a780aa251e384beedfe2e5eecfbed6f2e6a3467d54175c0d6a,27818164,2021/02/20 17:15:18,THPvaUhoh2Qn2y9THCZML3H815hhFhn5YC,TKHuVq1oKVruCGLvqVexFs6dawKv6fQgFs,true,SUCCESS,800000000.000000
4024bfd2952c2614be3ceb11b3da9b49c66965c2c82d82732d7b961cd3dc465c,27818148,2021/02/20 17:14:30,T9yD14Nj9j7xAB4dbGeiX9h8unkKHxuWwb,THPvaUhoh2Qn2y9THCZML3H815hhFhn5YC,true,SUCCESS,800000000.000000
772f1d14875c359fc9c20f89733368b14df242f2c38555e35374cac6b9d61f97,27728831,2021/02/17 14:27:06,THPvaUhoh2Qn2y9THCZML3H815hhFhn5YC,TKHuVq1oKVruCGLvqVexFs6dawKv6fQgFs,true,SUCCESS,1000000000.000000
918f581caabf31452f87c81c6ac69f6d3bc8ea96f173699991c4a2b62d4c0396,27728819,2021/02/17 14:26:30,T9yD14Nj9j7xAB4dbGeiX9h8unkKHxuWwb,THPvaUhoh2Qn2y9THCZML3H815hhFhn5YC,true,SUCCESS,1000000000.000000
99f28395f8865d5dd422854b5222b848736b3acdcdf1119bc2621f662101e7fb,27611181,2021/02/13 12:15:51,THPvaUhoh2Qn2y9THCZML3H815hhFhn5YC,TKHuVq1oKVruCGLvqVexFs6dawKv6fQgFs,true,SUCCESS,1000000000.000000
1cca80f866683b94f948d828c0890653f003763b97188e71a075ff12f33ea1db,27611146,2021/02/13 12:14:06,T9yD14Nj9j7xAB4dbGeiX9h8unkKHxuWwb,THPvaUhoh2Qn2y9THCZML3H815hhFhn5YC,true,SUCCESS,1000000000.000000
90f64c4a9c2968a654dfc81afc96d04af131f3524fb08f07d06b85d081a6c5f8,27528945,2021/02/10 15:39:15,THPvaUhoh2Qn2y9THCZML3H815hhFhn5YC,TKHuVq1oKVruCGLvqVexFs6dawKv6fQgFs,true,SUCCESS,1000000000.000000
c9bada81fba6237110b2374ffc3182f6a57c2ffb6df669df1b1755ad39c45e63,27528921,2021/02/10 15:38:03,T9yD14Nj9j7xAB4dbGeiX9h8unkKHxuWwb,THPvaUhoh2Qn2y9THCZML3H815hhFhn5YC,true,SUCCESS,1000000000.000000
a70d3e19cd90c0cc89192752dcc74a5e0c4d22cc020ebe7a66e3f569acb7f73c,27480382,2021/02/08 22:53:18,THPvaUhoh2Qn2y9THCZML3H815hhFhn5YC,TKHuVq1oKVruCGLvqVexFs6dawKv6fQgFs,true,SUCCESS,400000000.000000
bd3246c37620d86670df05ba06cb9e2ff0f01cb5ab711e299dfaf9efb788eec6,27480375,2021/02/08 22:52:57,T9yD14Nj9j7xAB4dbGeiX9h8unkKHxuWwb,THPvaUhoh2Qn2y9THCZML3H815hhFhn5YC,true,SUCCESS,400000000.000000
e0b39297cd207f49ab1945cd46a5b265a72a33436c2db09210fe673fb77e3620,27470156,2021/02/08 14:21:42,THPvaUhoh2Qn2y9THCZML3H815hhFhn5YC,TKHuVq1oKVruCGLvqVexFs6dawKv6fQgFs,true,SUCCESS,600000000.000000
ac4c1671c125ae190015dd8a424ddc29a46239c15e198804e0ff3072df98b93a,27470134,2021/02/08 14:20:36,T9yD14Nj9j7xAB4dbGeiX9h8unkKHxuWwb,THPvaUhoh2Qn2y9THCZML3H815hhFhn5YC,true,SUCCESS,600000000.000000
6cff545e07a897d41cc489a5a401e8b85c3dd7503ac8c47f8880a2ae98f080f0,27413808,2021/02/06 15:04:00,THPvaUhoh2Qn2y9THCZML3H815hhFhn5YC,TKHuVq1oKVruCGLvqVexFs6dawKv6fQgFs,true,SUCCESS,500000000.000000
2f3fc8bd3ecf4879efd87d219034b140bc0ce8f0d58ff0de7d5f453d945d02bd,27413772,2021/02/06 15:02:12,T9yD14Nj9j7xAB4dbGeiX9h8unkKHxuWwb,THPvaUhoh2Qn2y9THCZML3H815hhFhn5YC,true,SUCCESS,500000000.000000
c6809aa2332d6df7f24b4de95e06d98dcba7be3185ead0525859c58be27c3f42,27393706,2021/02/05 22:16:36,THPvaUhoh2Qn2y9THCZML3H815hhFhn5YC,TKHuVq1oKVruCGLvqVexFs6dawKv6fQgFs,true,SUCCESS,350000000.000000
bcb62da7306f110c6636c89cd970cd441ae1fce764fbb2304a438b214059535d,27393688,2021/02/05 22:15:42,T9yD14Nj9j7xAB4dbGeiX9h8unkKHxuWwb,THPvaUhoh2Qn2y9THCZML3H815hhFhn5YC,true,SUCCESS,350000000.000000
21fb58831f41bff4fb501668a585c31a1f978fe55c5417c59a45f03ac1499045,27325655,2021/02/03 13:28:00,THPvaUhoh2Qn2y9THCZML3H815hhFhn5YC,T9yD14Nj9j7xAB4dbGeiX9h8unkKHxuWwb,true,SUCCESS,2000000000.000000
514acefa7ce76825fcaac081e22cafc406498c36802fad8ad6d27d2520849e4e,27325610,2021/02/03 13:25:45,TKHuVq1oKVruCGLvqVexFs6dawKv6fQgFs,THPvaUhoh2Qn2y9THCZML3H815hhFhn5YC,true,SUCCESS,2000000000.000000
5bc2febf3db0d5635fd47089cce6875089c3e27f8aa27248e07c81c5219ecd77,27273394,2021/02/01 17:50:36,THPvaUhoh2Qn2y9THCZML3H815hhFhn5YC,TKHuVq1oKVruCGLvqVexFs6dawKv6fQgFs,true,SUCCESS,350000000.000000
4f784454d2bdee05f7c3779a819d6396cf89f577e9a5fb16dd9b7e67a3cf4b44,27273369,2021/02/01 17:49:21,T9yD14Nj9j7xAB4dbGeiX9h8unkKHxuWwb,THPvaUhoh2Qn2y9THCZML3H815hhFhn5YC,true,SUCCESS,350000000.000000
14c97742ce486e46db8681a19584cdfde27c9881cb88fd342abe59af24f7baa0,27179767,2021/01/29 11:31:18,THPvaUhoh2Qn2y9THCZML3H815hhFhn5YC,TKHuVq1oKVruCGLvqVexFs6dawKv6fQgFs,true,SUCCESS,500000000.000000
1d16bf065e1c28940e3572c8bad19b35f0e647d4779f272ac039c25076a31e89,27179758,2021/01/29 11:30:51,T9yD14Nj9j7xAB4dbGeiX9h8unkKHxuWwb,THPvaUhoh2Qn2y9THCZML3H815hhFhn5YC,true,SUCCESS,500000000.000000
0afb633ad2a19b84a76792e7b45b366e25941a76c0086af7105505d40c5d4fb5,27158794,2021/01/28 18:01:54,TSgJ8atQn24nKrrSSR8PDSBgqfhbC127dK,THPvaUhoh2Qn2y9THCZML3H815hhFhn5YC,true,SUCCESS,1.000000
8e29ceccfb01b2ffe844ecb21ae453bbe937ddd915c57c2c08557d1d8c476f3f,27145773,2021/01/28 07:10:18,THPvaUhoh2Qn2y9THCZML3H815hhFhn5YC,TKHuVq1oKVruCGLvqVexFs6dawKv6fQgFs,true,SUCCESS,400000000.000000
ccbaa5b0ae4fb1211192cb76a2d235e4a5e430afc58cde5d23a4c1836f711743,27145723,2021/01/28 07:07:48,T9yD14Nj9j7xAB4dbGeiX9h8unkKHxuWwb,THPvaUhoh2Qn2y9THCZML3H815hhFhn5YC,true,SUCCESS,400000000.000000
fa83cb7ddb4d10c1e8560fe6b962a616bfcdc4112976da9532da897a283fd560,26902225,2021/01/19 19:55:54,TSgJ8atQn24nKrrSSR8PDSBgqfhbC127dK,THPvaUhoh2Qn2y9THCZML3H815hhFhn5YC,true,SUCCESS,10.000000
5d60651fcce56d0d26a0990961d4ab03f4e147db7104ffc74d6c227ac1d7cc05,26898708,2021/01/19 16:59:48,THPvaUhoh2Qn2y9THCZML3H815hhFhn5YC,TKHuVq1oKVruCGLvqVexFs6dawKv6fQgFs,true,SUCCESS,400000000.000000
beb341d45e8efcab4d8e20b8e6312b46d6da7b2a2e06a375b55d8c8f716fe2c6,26898693,2021/01/19 16:59:03,T9yD14Nj9j7xAB4dbGeiX9h8unkKHxuWwb,THPvaUhoh2Qn2y9THCZML3H815hhFhn5YC,true,SUCCESS,400000000.000000
f748c4a3f254b76aebffff81dc001d63e31f597ec47e97fab9d2be562159dcf5,26606704,2021/01/09 13:21:12,THPvaUhoh2Qn2y9THCZML3H815hhFhn5YC,TKHuVq1oKVruCGLvqVexFs6dawKv6fQgFs,true,SUCCESS,400000000.000000
0129878c34d50d7884ee939c7b99027294af8c53f817fa88309c22252cf688f4,26606683,2021/01/09 13:20:09,T9yD14Nj9j7xAB4dbGeiX9h8unkKHxuWwb,THPvaUhoh2Qn2y9THCZML3H815hhFhn5YC,true,SUCCESS,400000000.000000
a5a4470ee17dc6417f1334d5e492984b5d2537996b153ae33517e622765b796d,26554348,2021/01/07 17:41:36,THPvaUhoh2Qn2y9THCZML3H815hhFhn5YC,TKHuVq1oKVruCGLvqVexFs6dawKv6fQgFs,true,SUCCESS,400000000.000000
de038b1d8c98b89b1860e3be725e603b684e80a25a6f6d803e19da53fa600198,26554338,2021/01/07 17:41:06,T9yD14Nj9j7xAB4dbGeiX9h8unkKHxuWwb,THPvaUhoh2Qn2y9THCZML3H815hhFhn5YC,true,SUCCESS,400000000.000000
931d12b87e2bc1470788953b0b99c9e55c8b6d0ee9f9c66843f68e309c727dd7,26532586,2021/01/06 23:32:54,THPvaUhoh2Qn2y9THCZML3H815hhFhn5YC,TKHuVq1oKVruCGLvqVexFs6dawKv6fQgFs,true,SUCCESS,400000000.000000
beb882c926ee692f5416557f53050eccb6b191556c0eb3f9bc7db9029f845e43,26532567,2021/01/06 23:31:57,T9yD14Nj9j7xAB4dbGeiX9h8unkKHxuWwb,THPvaUhoh2Qn2y9THCZML3H815hhFhn5YC,true,SUCCESS,400000000.000000
1309c279c4585d2b909f934d12c85c4d7de6a9ca64ab20e098c19045803e1ab0,26443575,2021/01/03 17:20:48,THPvaUhoh2Qn2y9THCZML3H815hhFhn5YC,TKHuVq1oKVruCGLvqVexFs6dawKv6fQgFs,true,SUCCESS,800000000.000000
63b2b655f5df22fbd8131e24f88196c7c6afa93677fa0eb0eb2a2415c8f4861b,26443537,2021/01/03 17:18:48,T9yD14Nj9j7xAB4dbGeiX9h8unkKHxuWwb,THPvaUhoh2Qn2y9THCZML3H815hhFhn5YC,true,SUCCESS,400000000.000000
3136b29e819a256ec35730ba28cffead418ba20fa579e40f77d15d1819a8481d,26443536,2021/01/03 17:18:45,T9yD14Nj9j7xAB4dbGeiX9h8unkKHxuWwb,THPvaUhoh2Qn2y9THCZML3H815hhFhn5YC,true,SUCCESS,400000000.000000
cae0d2b321b833bd896307944168bb382a1a4743800ed220846a9d94919137ad,26415556,2021/01/02 16:55:21,THPvaUhoh2Qn2y9THCZML3H815hhFhn5YC,TKHuVq1oKVruCGLvqVexFs6dawKv6fQgFs,true,SUCCESS,200000000.000000
f59702b9ed2ed0bc3a5d99ebe652798deacbc7f771d14020baabf968b960dac7,26415528,2021/01/02 16:53:54,T9yD14Nj9j7xAB4dbGeiX9h8unkKHxuWwb,THPvaUhoh2Qn2y9THCZML3H815hhFhn5YC,true,SUCCESS,200000000.000000
2ccae6fc9251df43ba7b5342020eab36ef1afe3f4bfbc66955770290ccde0dcb,26333191,2020/12/30 19:05:18,TBm2Mv8SfxqK6cUyrEAKDWX7mhPaZxPDSu,THPvaUhoh2Qn2y9THCZML3H815hhFhn5YC,true,SUCCESS,0.000010000000000000
943e6eb9b71247f54d5aa4a382f7edc2fac625e56da3b488832a6693146a1f4f,26105538,2020/12/22 21:16:39,THPvaUhoh2Qn2y9THCZML3H815hhFhn5YC,TKHuVq1oKVruCGLvqVexFs6dawKv6fQgFs,true,SUCCESS,150000000.000000
a434fbe998c7d5852eebd731f70166cb36f62e2123306300bb2d3d1667aa594f,26105500,2020/12/22 21:14:45,T9yD14Nj9j7xAB4dbGeiX9h8unkKHxuWwb,THPvaUhoh2Qn2y9THCZML3H815hhFhn5YC,true,SUCCESS,150000000.000000
53d5e63ffef76e6b291fe90de3c91aeeae2d8753c6a61dbb5cb8355d0680c9fd,26015793,2020/12/19 17:45:39,THPvaUhoh2Qn2y9THCZML3H815hhFhn5YC,TKHuVq1oKVruCGLvqVexFs6dawKv6fQgFs,true,SUCCESS,200000000.000000
96d7030bf65e41a83705a3aa30a266d361b3cf2290c30b4850d0d8b4f8f2de25,26015755,2020/12/19 17:43:45,T9yD14Nj9j7xAB4dbGeiX9h8unkKHxuWwb,THPvaUhoh2Qn2y9THCZML3H815hhFhn5YC,true,SUCCESS,200000000.000000
783db7c6b7ff3eee8782ad09f4434c5119138713fffc0bc85b084c0d36d6e1cc,25793197,2020/12/11 21:35:54,THPvaUhoh2Qn2y9THCZML3H815hhFhn5YC,TKHuVq1oKVruCGLvqVexFs6dawKv6fQgFs,true,SUCCESS,150000000.000000
ef7626a264925d046be27b11c69daf8c78f387917766a0b180df6f6620b4241f,25793162,2020/12/11 21:34:09,T9yD14Nj9j7xAB4dbGeiX9h8unkKHxuWwb,THPvaUhoh2Qn2y9THCZML3H815hhFhn5YC,true,SUCCESS,150000000.000000
39316c437cb4203e37c9f9f5adff4c6b3cef513e87d178923527d4646ce97969,25614136,2020/12/05 14:48:18,THPvaUhoh2Qn2y9THCZML3H815hhFhn5YC,TKHuVq1oKVruCGLvqVexFs6dawKv6fQgFs,true,SUCCESS,150000000.000000
f8b2541a193ae3a8989037c7b28c9cc3e6b4d8bf61658b1105a7bcd660819636,25614121,2020/12/05 14:47:33,T9yD14Nj9j7xAB4dbGeiX9h8unkKHxuWwb,THPvaUhoh2Qn2y9THCZML3H815hhFhn5YC,true,SUCCESS,150000000.000000
926b7e412e883bd2aeff0aebabeffec82b3b2bd5dcd419f0169e1edb51af2d54,25504029,2020/12/01 16:26:45,THPvaUhoh2Qn2y9THCZML3H815hhFhn5YC,TKHuVq1oKVruCGLvqVexFs6dawKv6fQgFs,true,SUCCESS,200000000.000000
d464793fd6832745bf000969a84e0bdae65ea13951d3deea4fc63cbc55b9f3aa,25504000,2020/12/01 16:25:18,T9yD14Nj9j7xAB4dbGeiX9h8unkKHxuWwb,THPvaUhoh2Qn2y9THCZML3H815hhFhn5YC,true,SUCCESS,200000000.000000
58452a899d5330d1b939dbe04c2cd733bf229dc376e8cb50a01196abbbd3900d,25222167,2020/11/21 20:42:42,THPvaUhoh2Qn2y9THCZML3H815hhFhn5YC,TKHuVq1oKVruCGLvqVexFs6dawKv6fQgFs,true,SUCCESS,250000000.000000
e52848a07d75aafce7c590ba0d7932155211430563744efff0cedc6cbafc273e,25222111,2020/11/21 20:39:54,T9yD14Nj9j7xAB4dbGeiX9h8unkKHxuWwb,THPvaUhoh2Qn2y9THCZML3H815hhFhn5YC,true,SUCCESS,250000000.000000
529354b851d506f2ceb78885c67c3d5dceb2ac8bf8aa57a314f53f4e505f76c4,25180630,2020/11/20 10:04:48,THPvaUhoh2Qn2y9THCZML3H815hhFhn5YC,TKHuVq1oKVruCGLvqVexFs6dawKv6fQgFs,true,SUCCESS,200000000.000000
5ade19552a4d943a6e2eeb857074af5551101ba6fa8cfc6142706cac07e68229,25180592,2020/11/20 10:02:54,T9yD14Nj9j7xAB4dbGeiX9h8unkKHxuWwb,THPvaUhoh2Qn2y9THCZML3H815hhFhn5YC,true,SUCCESS,200000000.000000
109dec097322c9172e7a1806cb4f72730e5f016bb814318c8a9cf69d061c5d77,24993917,2020/11/13 22:04:57,THPvaUhoh2Qn2y9THCZML3H815hhFhn5YC,TKHuVq1oKVruCGLvqVexFs6dawKv6fQgFs,true,SUCCESS,200000000.000000
a404806b921c22bce3a748153b438073aa4d3ea0201a1636f47d0158a6995391,24993888,2020/11/13 22:03:30,T9yD14Nj9j7xAB4dbGeiX9h8unkKHxuWwb,THPvaUhoh2Qn2y9THCZML3H815hhFhn5YC,true,SUCCESS,200000000.000000
fb5d7ef39d1e5a07b80156618440c041f6db0ef90e3670add96cfb8d6fd32e11,24976784,2020/11/13 07:44:54,TMoGzmSggiv3j5uJ7Pa9h6ghgSnAnGmv9H,THPvaUhoh2Qn2y9THCZML3H815hhFhn5YC,true,SUCCESS,100.000000000000000000
9ab6523354ad87e667be1d1007ed6fd832a552082f5459542100faa4ad8eeeaa,24923203,2020/11/11 11:04:18,THPvaUhoh2Qn2y9THCZML3H815hhFhn5YC,TKHuVq1oKVruCGLvqVexFs6dawKv6fQgFs,true,SUCCESS,150000000.000000
1e2e759d2ca4f792138105a6c8d1f9bbf788e3f6ddd7ccb9837065c869618926,24923158,2020/11/11 11:02:03,T9yD14Nj9j7xAB4dbGeiX9h8unkKHxuWwb,THPvaUhoh2Qn2y9THCZML3H815hhFhn5YC,true,SUCCESS,150000000.000000
26cfe5101429ef03889898dc3818a0ca06d4dedda9bd4f437f85d746dec1177d,24793423,2020/11/06 22:51:15,THPvaUhoh2Qn2y9THCZML3H815hhFhn5YC,TKHuVq1oKVruCGLvqVexFs6dawKv6fQgFs,true,SUCCESS,300000000.000000
02ae7072fa4ade2998209518d354c62d3a38f4a9e2789850d5e6d287e263ffe1,24793393,2020/11/06 22:49:45,T9yD14Nj9j7xAB4dbGeiX9h8unkKHxuWwb,THPvaUhoh2Qn2y9THCZML3H815hhFhn5YC,true,SUCCESS,300000000.000000
19990686d4c070f177037b9d82e662e9a59565e92d210bfe95473b315f31160c,24642719,2020/11/01 13:32:54,TPrmpbXRfRaMDmYR9kLpxU6V5pvX2sUmvn,THPvaUhoh2Qn2y9THCZML3H815hhFhn5YC,true,SUCCESS,1.00000000
45dbc09935372cc9ae0dcf0e1f1b77e99a262ed418ee3eff51031418a2d87f46,24434769,2020/10/25 06:08:42,TLdHudbQcJpA5tD5M7VTkfk8DYJM6wHjgp,THPvaUhoh2Qn2y9THCZML3H815hhFhn5YC,true,SUCCESS,0.000008
713b01abaee85054e2d90a00da3c466dd6c2b7840eec92576f4d4fd43d4a38c9,24424084,2020/10/24 21:14:12,TYgem9XjXho4R8KoFSq1bnnDEbJ52pd3Gb,THPvaUhoh2Qn2y9THCZML3H815hhFhn5YC,true,SUCCESS,210.000000000000000000
70469d2dd9b66f83be7d368bd0a79a010093db513a4181ab3434ef8f49e45f01,24339310,2020/10/21 22:31:54,THPvaUhoh2Qn2y9THCZML3H815hhFhn5YC,TKHuVq1oKVruCGLvqVexFs6dawKv6fQgFs,true,SUCCESS,300000000.000000
eff6e4dbf120e49ec34289edfc6f39b81b40081662b0d77b652d784a72d61749,24339259,2020/10/21 22:29:21,T9yD14Nj9j7xAB4dbGeiX9h8unkKHxuWwb,THPvaUhoh2Qn2y9THCZML3H815hhFhn5YC,true,SUCCESS,300000000.000000
29c52624a8b466a6e3fdc9e5626ac6c77c42d2af5fd46678a08d831046f442b7,24302394,2020/10/20 15:44:36,THPvaUhoh2Qn2y9THCZML3H815hhFhn5YC,TKHuVq1oKVruCGLvqVexFs6dawKv6fQgFs,true,SUCCESS,150000000.000000
c20f8f24e8bcb9f56adaf58bf50b452e6b42cb489f09e1463b6cfe4a3acbae14,24302365,2020/10/20 15:43:09,T9yD14Nj9j7xAB4dbGeiX9h8unkKHxuWwb,THPvaUhoh2Qn2y9THCZML3H815hhFhn5YC,true,SUCCESS,150000000.000000
cdd173de43352ff7599dc2810540744508c606c20fdf20bcf84456aafe5c0924,23991387,2020/10/09 16:51:00,THPvaUhoh2Qn2y9THCZML3H815hhFhn5YC,TKHuVq1oKVruCGLvqVexFs6dawKv6fQgFs,true,SUCCESS,150091962.184909
2f0a8101172001343e54d3ebd154a1a7baf139a844291c5c71f1e955e09a7492,23991354,2020/10/09 16:49:21,T9yD14Nj9j7xAB4dbGeiX9h8unkKHxuWwb,THPvaUhoh2Qn2y9THCZML3H815hhFhn5YC,true,SUCCESS,150000000.000000
7c9709ce871d315b4bfc4a30f0ec0c4be4834bf9977de4a9f5ddfeb8cdca0247,23985897,2020/10/09 12:14:24,TR2Ztjnn7BRCVZ3LnMujEgUpDN7zLUqXW3,THPvaUhoh2Qn2y9THCZML3H815hhFhn5YC,true,SUCCESS,0.000500000000000000
51c721a69ee3c3aaaf240ca2e0e7a931c04541a175d82a5521196515c2f8199e,23985897,2020/10/09 12:14:24,TR2Ztjnn7BRCVZ3LnMujEgUpDN7zLUqXW3,THPvaUhoh2Qn2y9THCZML3H815hhFhn5YC,true,SUCCESS,0.000023618000000000
7d5384be19bdf8fb5a1a55b0a11a39b895d68a84f8243fc6a39819a02bbc20b6,23903853,2020/10/06 15:46:48,TWcFGch97knzcLUDX5DtifKyiytPGS6MmR,THPvaUhoh2Qn2y9THCZML3H815hhFhn5YC,true,SUCCESS,1.00000000
a5d4821a52d49e33de061e9f24bbbfa61f01696a8ec3b1c355f461d987dacec5,23903850,2020/10/06 15:46:39,TWcFGch97knzcLUDX5DtifKyiytPGS6MmR,THPvaUhoh2Qn2y9THCZML3H815hhFhn5YC,true,SUCCESS,1.00000000
0f6bf16e711efb8d7b1c89e34c2bdf81e0bbb8c4df4678d51d82e8a2d8ec47f1,23348469,2020/09/17 06:31:06,THPvaUhoh2Qn2y9THCZML3H815hhFhn5YC,TKHuVq1oKVruCGLvqVexFs6dawKv6fQgFs,true,SUCCESS,250000000.000000
3208a75434d58acb322f4fcd49e94eda949343bb9f697f5df8a5b5c2d8982b63,23348408,2020/09/17 06:28:03,T9yD14Nj9j7xAB4dbGeiX9h8unkKHxuWwb,THPvaUhoh2Qn2y9THCZML3H815hhFhn5YC,true,SUCCESS,250000000.000000
e25a9fe42f58f8a19364e1c5a4ea56314cb7a05352d414ee9435b80216580e27,23298778,2020/09/15 13:02:24,THPvaUhoh2Qn2y9THCZML3H815hhFhn5YC,T9yD14Nj9j7xAB4dbGeiX9h8unkKHxuWwb,true,SUCCESS,1000000000.000000
5dd94e539993c386dd2aae31bfa89efea5a4e04c1721a0c08a02007a41e23ccf,23298724,2020/09/15 12:59:42,TKHuVq1oKVruCGLvqVexFs6dawKv6fQgFs,THPvaUhoh2Qn2y9THCZML3H815hhFhn5YC,true,SUCCESS,1000000000.000000
873e1dd4461f7fb22394bbff0c793d855771142bd7b8c5d80b352ac66e92f72f,23275319,2020/09/14 16:56:03,THPvaUhoh2Qn2y9THCZML3H815hhFhn5YC,TKHuVq1oKVruCGLvqVexFs6dawKv6fQgFs,true,SUCCESS,250000000.000000
cb291850dafc0167c890f1431751700dfae62f73247aaca8546e6998462c237c,23275284,2020/09/14 16:54:15,T9yD14Nj9j7xAB4dbGeiX9h8unkKHxuWwb,THPvaUhoh2Qn2y9THCZML3H815hhFhn5YC,true,SUCCESS,250000000.000000
2d24e06c2b675a72397e2db77f35b0b7800c30961296a5bcf609450989774a04,23158345,2020/09/10 15:04:00,THPvaUhoh2Qn2y9THCZML3H815hhFhn5YC,TKHuVq1oKVruCGLvqVexFs6dawKv6fQgFs,true,SUCCESS,250000000.000000
1ab1c9b62b86d3f3bdb661a1a6dad362a71c8a79f1af65114137be28449fda2a,23158294,2020/09/10 15:01:27,T9yD14Nj9j7xAB4dbGeiX9h8unkKHxuWwb,THPvaUhoh2Qn2y9THCZML3H815hhFhn5YC,true,SUCCESS,250000000.000000
37d52d142ff1474b3a6b770786441bb7024a7594fb23d545c58e68921fb259e5,23101054,2020/09/08 15:16:45,THPvaUhoh2Qn2y9THCZML3H815hhFhn5YC,TKHuVq1oKVruCGLvqVexFs6dawKv6fQgFs,true,SUCCESS,250000000.000000
4b4384a3e876b9f3b80218cc1c04f1cc677df1bf9edf282edad55ea78ab98603,23100879,2020/09/08 15:07:54,T9yD14Nj9j7xAB4dbGeiX9h8unkKHxuWwb,THPvaUhoh2Qn2y9THCZML3H815hhFhn5YC,true,SUCCESS,250000000.000000
e77aca112f93a94fe344699f4e253171cc3d7e0f5f66ac080973ea6ff79bf0f5,23023896,2020/09/05 22:54:51,TAUN6FwrnwwmaEqYcckffC7wYmbaS6cBiX,THPvaUhoh2Qn2y9THCZML3H815hhFhn5YC,true,SUCCESS,7.398463
bb68e43076926054537e352bd8e00edbc8f396d9aa80603ff32d6974d2ff1adf,22965163,2020/09/03 21:35:15,THPvaUhoh2Qn2y9THCZML3H815hhFhn5YC,TKHuVq1oKVruCGLvqVexFs6dawKv6fQgFs,true,SUCCESS,250000000.000000
88fba655334b3a7210c9acfc40330ab6109ec73ae7e17ffd7236012973d66c8c,22965131,2020/09/03 21:33:39,T9yD14Nj9j7xAB4dbGeiX9h8unkKHxuWwb,THPvaUhoh2Qn2y9THCZML3H815hhFhn5YC,true,SUCCESS,250000000.000000
055f142963ae0686f0e398b9aac04f651d7ce4a300a2a0b5904a4a8c951da126,22914975,2020/09/02 03:42:36,THFjhCJ3rNaXm82LkT56DCDbo1DL3edoJo,THPvaUhoh2Qn2y9THCZML3H815hhFhn5YC,true,SUCCESS,0.000200000000000000
d4d4fe77a3758c3f55eb35c6481264028eda88b35dc17ec71f3c060a19260b0c,22890304,2020/09/01 07:07:54,THPvaUhoh2Qn2y9THCZML3H815hhFhn5YC,TKHuVq1oKVruCGLvqVexFs6dawKv6fQgFs,true,SUCCESS,250000000.000000
ba90424843b622682274686b729ece7f4065f6da836c871f265e06458b605865,22890276,2020/09/01 07:06:30,T9yD14Nj9j7xAB4dbGeiX9h8unkKHxuWwb,THPvaUhoh2Qn2y9THCZML3H815hhFhn5YC,true,SUCCESS,250000000.000000
be8c18845d50f48a6dff586d1d940bfdeead3f3c9a5fd7f7e5515bf8e67c3eb5,22785015,2020/08/28 15:18:21,THPvaUhoh2Qn2y9THCZML3H815hhFhn5YC,TKHuVq1oKVruCGLvqVexFs6dawKv6fQgFs,true,SUCCESS,250000000.000000
b6c772062d3a9e1c6e45443694d1b017a12f542332826c226eeda4111e6167ac,22784950,2020/08/28 15:15:06,T9yD14Nj9j7xAB4dbGeiX9h8unkKHxuWwb,THPvaUhoh2Qn2y9THCZML3H815hhFhn5YC,true,SUCCESS,250000000.000000
dc491c5efdc1603f4e61411c3db150eec787d04be466d66d9da2dd3a8c890e76,22756296,2020/08/27 15:20:30,THPvaUhoh2Qn2y9THCZML3H815hhFhn5YC,TAEVgkzcP1REvNFwvCxEaz5EcjAaPtAyhR,true,SUCCESS,3816.086672
7cd79f4772ce2dc403d4dbe1491b9e0f063a90623d339b0569c5318ed22f663a,22734086,2020/08/26 20:46:57,THPvaUhoh2Qn2y9THCZML3H815hhFhn5YC,TKHuVq1oKVruCGLvqVexFs6dawKv6fQgFs,true,SUCCESS,200000000.000000
07f1b6eed96c8e3a4ebf49e0d55066b599eb2a6d9fec87187e3fda13107dff5f,22734045,2020/08/26 20:44:54,T9yD14Nj9j7xAB4dbGeiX9h8unkKHxuWwb,THPvaUhoh2Qn2y9THCZML3H815hhFhn5YC,true,SUCCESS,200000000.000000
558ca45612a8b27930cc3cb922d912f30c756e17b6c7815d26bbf09546914e6d,22553709,2020/08/20 14:20:33,THPvaUhoh2Qn2y9THCZML3H815hhFhn5YC,T9yD14Nj9j7xAB4dbGeiX9h8unkKHxuWwb,true,SUCCESS,1000000000.000000
ef65a6ef3add4a39c0a4bfd1015431877faa7924ace1276d5b08b1df974eadbc,22553680,2020/08/20 14:19:06,TKHuVq1oKVruCGLvqVexFs6dawKv6fQgFs,THPvaUhoh2Qn2y9THCZML3H815hhFhn5YC,true,SUCCESS,1000000000.000000
f74f4bb6674b24f237ed8859e7d2ff102a67db5cdf9a86d980e49f66ae609cee,22503924,2020/08/18 20:49:33,THPvaUhoh2Qn2y9THCZML3H815hhFhn5YC,TKHuVq1oKVruCGLvqVexFs6dawKv6fQgFs,true,SUCCESS,200000000.000000
2cad7c6ecd21c577b70aa5b4f67bb03fea8910afcc535373bb9fb40928e03307,22503895,2020/08/18 20:48:06,T9yD14Nj9j7xAB4dbGeiX9h8unkKHxuWwb,THPvaUhoh2Qn2y9THCZML3H815hhFhn5YC,true,SUCCESS,200000000.000000
0f94509c62ad86958ffa94f21bf09b5c892ef99836d328768a04fc8de98b6c96,22471529,2020/08/17 17:48:45,THPvaUhoh2Qn2y9THCZML3H815hhFhn5YC,TKHuVq1oKVruCGLvqVexFs6dawKv6fQgFs,true,SUCCESS,200000000.000000
0913f8a3382d9ebd6245bcc2984abc5151f92525e90cd43ff6287ffe948814e9,22471499,2020/08/17 17:47:15,T9yD14Nj9j7xAB4dbGeiX9h8unkKHxuWwb,THPvaUhoh2Qn2y9THCZML3H815hhFhn5YC,true,SUCCESS,200000000.000000
e5e33891a30986bb9f1ec9200213af8284fedf60c89d20b511d2310ddccd7175,22150591,2020/08/06 14:02:57,THPvaUhoh2Qn2y9THCZML3H815hhFhn5YC,TKHuVq1oKVruCGLvqVexFs6dawKv6fQgFs,true,SUCCESS,200000000.000000
07a478874aefb60fef229c8f9c873849e5a6a9c4bde76b3388c477ea00350f64,22150504,2020/08/06 13:58:36,T9yD14Nj9j7xAB4dbGeiX9h8unkKHxuWwb,THPvaUhoh2Qn2y9THCZML3H815hhFhn5YC,true,SUCCESS,200000000.000000
735467bc3e6e2044eb48be298d3ae3400dafb0627a2ad99e800b9a1c07788f2b,22015188,2020/08/01 20:52:12,THPvaUhoh2Qn2y9THCZML3H815hhFhn5YC,TKHuVq1oKVruCGLvqVexFs6dawKv6fQgFs,true,SUCCESS,250000000.000000
626054ef0521b70ae8cf8c83b17134f605051ed87469d7692e09d54d9ceea4a5,22015153,2020/08/01 20:50:27,T9yD14Nj9j7xAB4dbGeiX9h8unkKHxuWwb,THPvaUhoh2Qn2y9THCZML3H815hhFhn5YC,true,SUCCESS,250000000.000000
a2dcb9b221ec0eddba2a44f66f6016162b5e020d95998da0766bb282c821be87,21914072,2020/07/29 08:31:51,THPvaUhoh2Qn2y9THCZML3H815hhFhn5YC,TKHuVq1oKVruCGLvqVexFs6dawKv6fQgFs,true,SUCCESS,300000000.000000
9bf7d38f8fe34cc6629b41dc619cebef4d81c39c5a0d058a1c38f7c29ae43c25,21914028,2020/07/29 08:29:39,T9yD14Nj9j7xAB4dbGeiX9h8unkKHxuWwb,THPvaUhoh2Qn2y9THCZML3H815hhFhn5YC,true,SUCCESS,300000000.000000
13640eb8dab83f2f4ff84e1e274498882420bdb0aec6375ebff1fbfa69c86b06,21814586,2020/07/25 21:34:42,THPvaUhoh2Qn2y9THCZML3H815hhFhn5YC,TKHuVq1oKVruCGLvqVexFs6dawKv6fQgFs,true,SUCCESS,150000000.000000
8960caf0de26c41e085d04a73ee0bab4dd907a1f904b223bd3ee3d3ea12887f9,21814564,2020/07/25 21:33:36,T9yD14Nj9j7xAB4dbGeiX9h8unkKHxuWwb,THPvaUhoh2Qn2y9THCZML3H815hhFhn5YC,true,SUCCESS,150000000.000000
4260ea5afb4b0838e4f2b7bb5bdc13c214b4a03ea3e6d24a495fd675cf834d5b,21752143,2020/07/23 17:31:00,THPvaUhoh2Qn2y9THCZML3H815hhFhn5YC,TKHuVq1oKVruCGLvqVexFs6dawKv6fQgFs,true,SUCCESS,125000000.000000
c6cb43c65c3a7933b25cf650490f1bef3a4c0a228681e75f0bab5e9b7fd227d7,21752109,2020/07/23 17:29:18,T9yD14Nj9j7xAB4dbGeiX9h8unkKHxuWwb,THPvaUhoh2Qn2y9THCZML3H815hhFhn5YC,true,SUCCESS,120000000.000000
9435bbcc142ac2da5e17f9c87cc492a72516b572344a7646ef69cfb07061232c,21316674,2020/07/08 13:57:27,TJ1dgTTKgJ3do3ftjhKhSYYtMk1QeVWUay,THPvaUhoh2Qn2y9THCZML3H815hhFhn5YC,true,SUCCESS,4000000.000000
871f7782ff7806b3ad24efe3a7c1bf5efb57162c5f47767650ebcd2c7501449d,20975405,2020/06/26 17:25:45,TAEVgkzcP1REvNFwvCxEaz5EcjAaPtAyhR,THPvaUhoh2Qn2y9THCZML3H815hhFhn5YC,true,SUCCESS,649000.000000
78e68cc76dce56fffb1ab94be57d6738e4312fca118e1c31f45fe0eadb6d7175,20974554,2020/06/26 16:43:12,THPvaUhoh2Qn2y9THCZML3H815hhFhn5YC,TAEVgkzcP1REvNFwvCxEaz5EcjAaPtAyhR,true,SUCCESS,650000.000000
4b439f22de642d1cd81d59eb577c9fef29c429a07bb907df466399ae6aecf410,20973210,2020/06/26 15:36:00,THPvaUhoh2Qn2y9THCZML3H815hhFhn5YC,TAEVgkzcP1REvNFwvCxEaz5EcjAaPtAyhR,true,SUCCESS,664859.712216
06805b341dc4233562b01c6bff53ee6c997f0fecfc80c8e5e40febe4c82e4d35,20707532,2020/06/17 10:06:57,THPvaUhoh2Qn2y9THCZML3H815hhFhn5YC,TKHuVq1oKVruCGLvqVexFs6dawKv6fQgFs,true,SUCCESS,100000000.000000
bf8966b3ab1e2673cd22e794495f96c4f444504f7e9b0b10dfbd497743322990,20707511,2020/06/17 10:05:54,T9yD14Nj9j7xAB4dbGeiX9h8unkKHxuWwb,THPvaUhoh2Qn2y9THCZML3H815hhFhn5YC,true,SUCCESS,100000000.000000
5d7e289abcea7d1d786fe381969976534527704789b023e4389c47ec6f565d50,20590415,2020/06/13 08:28:21,THPvaUhoh2Qn2y9THCZML3H815hhFhn5YC,TKHuVq1oKVruCGLvqVexFs6dawKv6fQgFs,true,SUCCESS,100000000.000000
eb2e25489b51b07d22cb1aa9a96d5d747927af1a3d20a2f2ee8330bfed5f002b,20590402,2020/06/13 08:27:42,T9yD14Nj9j7xAB4dbGeiX9h8unkKHxuWwb,THPvaUhoh2Qn2y9THCZML3H815hhFhn5YC,true,SUCCESS,100000000.000000
69daeb2bb2e8a0e99e99fd302af24cc2afbc80c7a487c3167792d528cb0f010a,20513957,2020/06/10 16:44:03,THPvaUhoh2Qn2y9THCZML3H815hhFhn5YC,TKHuVq1oKVruCGLvqVexFs6dawKv6fQgFs,true,SUCCESS,100000000.000000
9bb1eeba32888c35303fa1402121513d40d316504557e65a636fee63c189374d,20513883,2020/06/10 16:40:21,T9yD14Nj9j7xAB4dbGeiX9h8unkKHxuWwb,THPvaUhoh2Qn2y9THCZML3H815hhFhn5YC,true,SUCCESS,100000000.000000
77284c5a91eed9bb8e9aa3d123eca14db0e52a24b0fb9f1e33424cf5c3888ae4,20420322,2020/06/07 10:39:45,TG7dU3dqyqAM4wmt1qZ2yokXA9D7SWBXJT,THPvaUhoh2Qn2y9THCZML3H815hhFhn5YC,true,SUCCESS,1E-18
18b40405d7fd47843beefd683bd6f7c7b0f9c20e06a7a06a7fce8ad061750b8b,20279295,2020/06/02 13:05:15,THPvaUhoh2Qn2y9THCZML3H815hhFhn5YC,TKHuVq1oKVruCGLvqVexFs6dawKv6fQgFs,true,SUCCESS,200000000.000000
f13f774fadf5a833132ce9dda259beac50424e4153dc20d427f3b888e4cbafe7,20279269,2020/06/02 13:03:57,T9yD14Nj9j7xAB4dbGeiX9h8unkKHxuWwb,THPvaUhoh2Qn2y9THCZML3H815hhFhn5YC,true,SUCCESS,200000000.000000
65342ececaeccc73f2da1eb4f6d897db52ecbdc19ab51c1a430194ec5143b810,20225651,2020/05/31 16:22:03,THPvaUhoh2Qn2y9THCZML3H815hhFhn5YC,TKHuVq1oKVruCGLvqVexFs6dawKv6fQgFs,true,SUCCESS,100000000.000000
5946605403ce83d43af8a5159130c2cf947aed315e11a4470e9f951351191911,20225607,2020/05/31 16:19:51,T9yD14Nj9j7xAB4dbGeiX9h8unkKHxuWwb,THPvaUhoh2Qn2y9THCZML3H815hhFhn5YC,true,SUCCESS,100000000.000000
7fd36703307e4118e0011b7c75b607f3401adb1a2f1fee1534b1ceae54d75b74,19995823,2020/05/23 16:46:09,THPvaUhoh2Qn2y9THCZML3H815hhFhn5YC,TKHuVq1oKVruCGLvqVexFs6dawKv6fQgFs,true,SUCCESS,100000000.000000
672a227639e0166cb41d5059ce2be2150cb03cbaa5ef911f2db2c610ca620d57,19995776,2020/05/23 16:43:48,T9yD14Nj9j7xAB4dbGeiX9h8unkKHxuWwb,THPvaUhoh2Qn2y9THCZML3H815hhFhn5YC,true,SUCCESS,100000000.000000
e6f34de65e7b70a8985a9ee3d56ef1a288577056626c193c649616ef54848a19,19994226,2020/05/23 15:26:18,TJ1dgTTKgJ3do3ftjhKhSYYtMk1QeVWUay,THPvaUhoh2Qn2y9THCZML3H815hhFhn5YC,true,SUCCESS,1500000.000000
abff27240240093db500bc675649fd178005e9cd5ec6477af968cd5f1e73fc98,19728990,2020/05/14 10:18:36,THPvaUhoh2Qn2y9THCZML3H815hhFhn5YC,TKHuVq1oKVruCGLvqVexFs6dawKv6fQgFs,true,SUCCESS,200000000.000000
72532a08f64cde153aca20e3ca383564f3823cc9732f4a576a0e5368d817046b,19728963,2020/05/14 10:17:15,T9yD14Nj9j7xAB4dbGeiX9h8unkKHxuWwb,THPvaUhoh2Qn2y9THCZML3H815hhFhn5YC,true,SUCCESS,200000000.000000
d5fd0ae29554edbf1f6800ee2111a1c983166338249f25daf88d6895f2f1682b,19706168,2020/05/13 15:17:09,THPvaUhoh2Qn2y9THCZML3H815hhFhn5YC,TKHuVq1oKVruCGLvqVexFs6dawKv6fQgFs,true,SUCCESS,100000000.000000
8215696120f3199afa69f607e2f94b0980f2295282ef9131fed184c3aef2fd62,19706153,2020/05/13 15:16:24,T9yD14Nj9j7xAB4dbGeiX9h8unkKHxuWwb,THPvaUhoh2Qn2y9THCZML3H815hhFhn5YC,true,SUCCESS,100000000.000000
0705afa49068a57579107499910a13add2ecd065c33d0c18dd34192d805d118c,19680007,2020/05/12 17:28:36,THPvaUhoh2Qn2y9THCZML3H815hhFhn5YC,TKHuVq1oKVruCGLvqVexFs6dawKv6fQgFs,true,SUCCESS,100000000.000000
b71b66db480d0d507ce953111d65f283b3045a45c7b782c258418c113b9b2ba3,19679971,2020/05/12 17:26:48,T9yD14Nj9j7xAB4dbGeiX9h8unkKHxuWwb,THPvaUhoh2Qn2y9THCZML3H815hhFhn5YC,true,SUCCESS,100000000.000000
d26604bede8d7a83b6cdc677da0b32f15573938a5f461b073f2f2f768a4ddfd7,19648569,2020/05/11 15:16:06,THPvaUhoh2Qn2y9THCZML3H815hhFhn5YC,TKHuVq1oKVruCGLvqVexFs6dawKv6fQgFs,true,SUCCESS,100000000.000000
9dd58512b1e065a6e785a96545bd54779e0d181739573a1785c130bbf151180b,19648528,2020/05/11 15:14:03,T9yD14Nj9j7xAB4dbGeiX9h8unkKHxuWwb,THPvaUhoh2Qn2y9THCZML3H815hhFhn5YC,true,SUCCESS,100000000.000000
b29e7ab8fedb45947821836d6de3c1613f5f645b48d9f37a3390dcd25886b527,19614564,2020/05/10 10:55:15,THPvaUhoh2Qn2y9THCZML3H815hhFhn5YC,TKHuVq1oKVruCGLvqVexFs6dawKv6fQgFs,true,SUCCESS,80000000.000000
40e1041b9910881e7840e21c0cb43572f242a4b8d153b0467833e555229908bc,19614490,2020/05/10 10:51:33,T9yD14Nj9j7xAB4dbGeiX9h8unkKHxuWwb,THPvaUhoh2Qn2y9THCZML3H815hhFhn5YC,true,SUCCESS,80000000.000000
ab76c72166f549a0f37ddd4e9ba86a31dd2a8ace189245b3c807a81e5ac15813,19587999,2020/05/09 12:46:39,THPvaUhoh2Qn2y9THCZML3H815hhFhn5YC,TKHuVq1oKVruCGLvqVexFs6dawKv6fQgFs,true,SUCCESS,100000000.000000
2f4a1928fab2fd3d46e7863f5415e7f5f2bbf7fa8e5e3e428e4662b3e3091854,19587942,2020/05/09 12:43:48,T9yD14Nj9j7xAB4dbGeiX9h8unkKHxuWwb,THPvaUhoh2Qn2y9THCZML3H815hhFhn5YC,true,SUCCESS,100000000.000000
61f392e91b4b5ad8b692b0563b9acc03f3010b3eca95071aeac25a73257aa941,19562022,2020/05/08 15:07:18,THPvaUhoh2Qn2y9THCZML3H815hhFhn5YC,TKHuVq1oKVruCGLvqVexFs6dawKv6fQgFs,true,SUCCESS,100000000.000000
7a98993d85db9c38f6d9ee82b5a2dd5b935bec80385fc428503cc8604d84ea92,19561986,2020/05/08 15:05:30,T9yD14Nj9j7xAB4dbGeiX9h8unkKHxuWwb,THPvaUhoh2Qn2y9THCZML3H815hhFhn5YC,true,SUCCESS,100000000.000000
9a6c033b9a486612d7b214d84f6b4af7000f0c32c23dd7c2c77e9eaff4a28cad,19534121,2020/05/07 15:51:36,THPvaUhoh2Qn2y9THCZML3H815hhFhn5YC,TKHuVq1oKVruCGLvqVexFs6dawKv6fQgFs,true,SUCCESS,100000000.000000
c57f6ac2b9fa5d682eb3274e167190c486195a8987e68c747ba814dee75569cd,19534085,2020/05/07 15:49:48,T9yD14Nj9j7xAB4dbGeiX9h8unkKHxuWwb,THPvaUhoh2Qn2y9THCZML3H815hhFhn5YC,true,SUCCESS,100000000.000000
e3fce4cd68bdf7ece4567b8f6e2d45c08870aa2d334606027ddf92ba187863bd,19504248,2020/05/06 14:57:30,THPvaUhoh2Qn2y9THCZML3H815hhFhn5YC,TKHuVq1oKVruCGLvqVexFs6dawKv6fQgFs,true,SUCCESS,80000000.000000
17bb4639872c6354952c04f0c412c950299600f584699532ac6a0aacfbf1039f,19504162,2020/05/06 14:53:12,T9yD14Nj9j7xAB4dbGeiX9h8unkKHxuWwb,THPvaUhoh2Qn2y9THCZML3H815hhFhn5YC,true,SUCCESS,80000000.000000
4b22b27aaf25897c2e24bdd9c19f2fc671a8f43621ccbcc9ae9f65876fee7092,19450838,2020/05/04 18:26:06,THPvaUhoh2Qn2y9THCZML3H815hhFhn5YC,TKHuVq1oKVruCGLvqVexFs6dawKv6fQgFs,true,SUCCESS,80000000.000000
4f03896a04c9a6b58f0f945d4afcfc63c27a731d9b5ccbb7d93a02f799b52b1b,19450800,2020/05/04 18:24:12,T9yD14Nj9j7xAB4dbGeiX9h8unkKHxuWwb,THPvaUhoh2Qn2y9THCZML3H815hhFhn5YC,true,SUCCESS,80000000.000000
5af51137336580513a39836d79227816ffd64507a2c49ea720241badba1f2391,19427273,2020/05/03 22:47:27,TANEnctEeD29fDyS7muaAsJBhfXYAgVpjW,THPvaUhoh2Qn2y9THCZML3H815hhFhn5YC,true,SUCCESS,0
e8c593d4e173ccaef7ce9e96b99b607d8a701e67e7b1a60f02255a3e9fda1efc,19427270,2020/05/03 22:47:18,TANEnctEeD29fDyS7muaAsJBhfXYAgVpjW,THPvaUhoh2Qn2y9THCZML3H815hhFhn5YC,true,SUCCESS,0
6b6b7b85e4ea83f60c95ee21e0d106767d8123a98d59978abf68a0e71addc683,19427265,2020/05/03 22:47:03,TANEnctEeD29fDyS7muaAsJBhfXYAgVpjW,THPvaUhoh2Qn2y9THCZML3H815hhFhn5YC,true,SUCCESS,0
090051674617f82a15eb29dd69fccec9514ba96ee27ae6e414fa22335372053d,19427237,2020/05/03 22:45:39,TANEnctEeD29fDyS7muaAsJBhfXYAgVpjW,THPvaUhoh2Qn2y9THCZML3H815hhFhn5YC,true,SUCCESS,0
5a4961a9ffd81119e34648f9043255e1d02e440db9a2d0a81ae51ff3b0532b27,19427229,2020/05/03 22:45:15,TANEnctEeD29fDyS7muaAsJBhfXYAgVpjW,THPvaUhoh2Qn2y9THCZML3H815hhFhn5YC,true,SUCCESS,0
d47b97fee9cd5818c316ce7623769bb38b43366ebaf63d2ed3afef7595a56cd7,19427219,2020/05/03 22:44:45,TANEnctEeD29fDyS7muaAsJBhfXYAgVpjW,THPvaUhoh2Qn2y9THCZML3H815hhFhn5YC,true,SUCCESS,0
0cd978c9fab5d8b3a8d185a15b421537e36497b3ef7a7fe4b6b5717e0875d29d,19334712,2020/04/30 17:37:42,THPvaUhoh2Qn2y9THCZML3H815hhFhn5YC,TKHuVq1oKVruCGLvqVexFs6dawKv6fQgFs,true,SUCCESS,85000000.000000
0edd5a78dc701d50b3d64f52d39fc0813a09ffdc062c5d7b1030dc8f3b886555,19334674,2020/04/30 17:35:48,T9yD14Nj9j7xAB4dbGeiX9h8unkKHxuWwb,THPvaUhoh2Qn2y9THCZML3H815hhFhn5YC,true,SUCCESS,80000000.000000
1a3de5bd246ebfdde82f73ffba788c08278b9ab7d4651b9eab2f640ae0f61afc,19302893,2020/04/29 15:06:06,THPvaUhoh2Qn2y9THCZML3H815hhFhn5YC,TKHuVq1oKVruCGLvqVexFs6dawKv6fQgFs,true,SUCCESS,100000000.000000
46a2ef816474b777530b70f6dc443e4777abdeb84e9cbe06a1e5bc77cb140097,19302844,2020/04/29 15:03:39,T9yD14Nj9j7xAB4dbGeiX9h8unkKHxuWwb,THPvaUhoh2Qn2y9THCZML3H815hhFhn5YC,true,SUCCESS,100000000.000000
90af62740738d833af34fbcdda091640f8bc764b29691b73392b2f59834a84f2,19301961,2020/04/29 14:19:30,TJ1dgTTKgJ3do3ftjhKhSYYtMk1QeVWUay,THPvaUhoh2Qn2y9THCZML3H815hhFhn5YC,true,SUCCESS,1500000.000000
b25fee26fdb57d8fdf19283f9fd91cfd7fece7849b0575c4d3673ee65405ee6e,19298362,2020/04/29 11:19:27,THPvaUhoh2Qn2y9THCZML3H815hhFhn5YC,TKHuVq1oKVruCGLvqVexFs6dawKv6fQgFs,true,SUCCESS,60000000.000000
c1a62abcbe32fe4caebac5628f88787a5b600b13eba79dfed10519a171a9313a,19298329,2020/04/29 11:17:48,T9yD14Nj9j7xAB4dbGeiX9h8unkKHxuWwb,THPvaUhoh2Qn2y9THCZML3H815hhFhn5YC,true,SUCCESS,60000000.000000
b79668c1dd7a5391d1cd098e1a752fe40e235965f22a842f26729e335d1df00c,19274176,2020/04/28 15:09:36,TJ1dgTTKgJ3do3ftjhKhSYYtMk1QeVWUay,THPvaUhoh2Qn2y9THCZML3H815hhFhn5YC,true,SUCCESS,1000000.000000
42dfce7c80a9dace3dfbb9e90a9d542fe687adf8ce76147f06910cda15fed4a4,19272443,2020/04/28 13:42:57,THPvaUhoh2Qn2y9THCZML3H815hhFhn5YC,TKHuVq1oKVruCGLvqVexFs6dawKv6fQgFs,true,SUCCESS,50000000.000000
61511e3b408d038a44a59c72ca9fae0c66be29e9e1ff580d8c0f44cbd24ab2bd,19272407,2020/04/28 13:41:09,T9yD14Nj9j7xAB4dbGeiX9h8unkKHxuWwb,THPvaUhoh2Qn2y9THCZML3H815hhFhn5YC,true,SUCCESS,50000000.000000
e5b3ab584d4afcd6ab85a712db201b1d0227aa0fa2658e7b447111acf4a5d8a7,19253166,2020/04/27 21:38:06,THPvaUhoh2Qn2y9THCZML3H815hhFhn5YC,TKHuVq1oKVruCGLvqVexFs6dawKv6fQgFs,true,SUCCESS,30000000.000000
390dea09f04b7416cdae3222e5923d915ff269fe61e608f68d8655513d7e89d0,19253126,2020/04/27 21:36:06,T9yD14Nj9j7xAB4dbGeiX9h8unkKHxuWwb,THPvaUhoh2Qn2y9THCZML3H815hhFhn5YC,true,SUCCESS,30000000.000000
9774bc653130e42b07669e39b64f910119d4461f3e0e3d0936b374b102a31480,19252975,2020/04/27 21:28:33,THPvaUhoh2Qn2y9THCZML3H815hhFhn5YC,TJyf3bMf5CXYe511EFPbN5dZ2W8edMnzsn,true,SUCCESS,9000000.000000
5b99fde01a7672749ea407d0a8803a9b82569f603f94e325fe79526f066b348a,19252828,2020/04/27 21:21:12,T9yD14Nj9j7xAB4dbGeiX9h8unkKHxuWwb,THPvaUhoh2Qn2y9THCZML3H815hhFhn5YC,true,SUCCESS,9000000.000000
e418722928d75af26a371ccd32355c0166a24872bb2712d8cd5ce9703a8c10e5,19249860,2020/04/27 18:52:45,TKHuVq1oKVruCGLvqVexFs6dawKv6fQgFs,THPvaUhoh2Qn2y9THCZML3H815hhFhn5YC,true,SUCCESS,10.000000
48c04192df1e15524ed77dfe853db7cbac27ac62ffc8a39f43a98c34470ed253,19249668,2020/04/27 18:43:09,THPvaUhoh2Qn2y9THCZML3H815hhFhn5YC,TKHuVq1oKVruCGLvqVexFs6dawKv6fQgFs,true,SUCCESS,10.000000
ef4091a6c1c6f2bfe98c61ac1bf683a0ecc6c305e37bc3a8a85166e4a16cc9b8,19248875,2020/04/27 18:03:30,THPvaUhoh2Qn2y9THCZML3H815hhFhn5YC,TJyf3bMf5CXYe511EFPbN5dZ2W8edMnzsn,true,SUCCESS,8000000.000000
d2aea21ea97c67a045ed426cf0cdb95dbcf4b7e3a19f45dd1b9b768ca7b2f895,19248840,2020/04/27 18:01:45,T9yD14Nj9j7xAB4dbGeiX9h8unkKHxuWwb,THPvaUhoh2Qn2y9THCZML3H815hhFhn5YC,true,SUCCESS,8000000.000000
cd977ab4a10a651b1b41d4988c8cb971fc92f9028bb4e25fef916abfa43f4009,19245689,2020/04/27 15:24:03,THPvaUhoh2Qn2y9THCZML3H815hhFhn5YC,TNMDwbHyAQo38tK4fCYe4ooSZXesbK8ExZ,true,SUCCESS,4999900.000000
d7561d33bd5e8d86ce1ce9fba3968548576997f3c6bd12c1f1a4993f8c4a72ad,19245652,2020/04/27 15:22:12,T9yD14Nj9j7xAB4dbGeiX9h8unkKHxuWwb,THPvaUhoh2Qn2y9THCZML3H815hhFhn5YC,true,SUCCESS,5000000.000000
d9a432831942612b21748abfcded36f651a47ff2bd6c1aad0a0d8c39ff5f0e2b,19245538,2020/04/27 15:16:30,THPvaUhoh2Qn2y9THCZML3H815hhFhn5YC,TNMDwbHyAQo38tK4fCYe4ooSZXesbK8ExZ,true,SUCCESS,100.000000
96834c895f94e56b464ddcc5b25601c237c370b95e59ee50813f99e1b3706a37,19235190,2020/04/27 06:38:57,THPvaUhoh2Qn2y9THCZML3H815hhFhn5YC,TJyf3bMf5CXYe511EFPbN5dZ2W8edMnzsn,true,SUCCESS,15000000.000000
27c08fd8fa748a67ea113589feea8616befa978e0393b4c490229185afd7eba0,19235136,2020/04/27 06:36:15,T9yD14Nj9j7xAB4dbGeiX9h8unkKHxuWwb,THPvaUhoh2Qn2y9THCZML3H815hhFhn5YC,true,SUCCESS,15000000.000000
39e2d3e3c7ddd0cba155afd5e754fe5d5070d1b05ae59eecfd816acc70c4fa6c,19166118,2020/04/24 21:03:33,THPvaUhoh2Qn2y9THCZML3H815hhFhn5YC,TJyf3bMf5CXYe511EFPbN5dZ2W8edMnzsn,true,SUCCESS,7000000.000000
01c1f23e9b00e330ad264a2cae057b59dc078bbaa0bad91d1570b6a0c8d02d11,19166010,2020/04/24 20:58:09,T9yD14Nj9j7xAB4dbGeiX9h8unkKHxuWwb,THPvaUhoh2Qn2y9THCZML3H815hhFhn5YC,true,SUCCESS,7000000.000000
68dd07621f578f65cf5da06e753cde623ed972b7a9d7ac94b1b183142df2bb27,19158970,2020/04/24 15:06:03,THPvaUhoh2Qn2y9THCZML3H815hhFhn5YC,TJyf3bMf5CXYe511EFPbN5dZ2W8edMnzsn,true,SUCCESS,4000000.000000
0b65f9b14c4a7d54c5510be9af4833ad1ea6d3f41b12fcc8a663c5a45305092c,19158930,2020/04/24 15:04:03,T9yD14Nj9j7xAB4dbGeiX9h8unkKHxuWwb,THPvaUhoh2Qn2y9THCZML3H815hhFhn5YC,true,SUCCESS,4000000.000000
f7babc50af57008251de044f25bd97e71c18e5d00d2792e9ca9c3b6a9c3dee33,19148905,2020/04/24 06:42:39,THPvaUhoh2Qn2y9THCZML3H815hhFhn5YC,TJyf3bMf5CXYe511EFPbN5dZ2W8edMnzsn,true,SUCCESS,7000000.000000
34606eb8544be82b78ffef7162316adcb8c920a0c1ecfd776a5e7fe70c476e9c,19148797,2020/04/24 06:37:15,T9yD14Nj9j7xAB4dbGeiX9h8unkKHxuWwb,THPvaUhoh2Qn2y9THCZML3H815hhFhn5YC,true,SUCCESS,7000000.000000
4f1391d00e44b3902805f7899e3fac31096c2da23572f887017d92672646f94a,19137857,2020/04/23 21:29:57,THPvaUhoh2Qn2y9THCZML3H815hhFhn5YC,TJyf3bMf5CXYe511EFPbN5dZ2W8edMnzsn,true,SUCCESS,8000000.000000
51b4de2dcfb18973f820f116e088f45fae2779e5ab31c03c168e58525b35115b,19137820,2020/04/23 21:28:06,T9yD14Nj9j7xAB4dbGeiX9h8unkKHxuWwb,THPvaUhoh2Qn2y9THCZML3H815hhFhn5YC,true,SUCCESS,6000000.000000
bbc98e4a3b73438f336aa823f327c2aa3b8f65342e6616ba692dcf4eb1485f29,19134796,2020/04/23 18:56:54,THPvaUhoh2Qn2y9THCZML3H815hhFhn5YC,TJyf3bMf5CXYe511EFPbN5dZ2W8edMnzsn,true,SUCCESS,1000000.000000
4a297c0c623b92fd05c8dbda02d1378fdb364662a548cba5d1b634ad8bc1733c,19130550,2020/04/23 15:24:24,TJ1dgTTKgJ3do3ftjhKhSYYtMk1QeVWUay,THPvaUhoh2Qn2y9THCZML3H815hhFhn5YC,true,SUCCESS,1500000.000000
c2a9f60996a7c14157b3490b0a3cf2a641d5b19b898265c17c75801e4590764c,18612674,2020/04/05 15:37:57,TJ1dgTTKgJ3do3ftjhKhSYYtMk1QeVWUay,THPvaUhoh2Qn2y9THCZML3H815hhFhn5YC,true,SUCCESS,2000000.000000
6fbfcd5822e748a55850c46700d64ca958951dc9f5f53789210d7d011ce1dbdf,18557378,2020/04/03 17:30:51,THPvaUhoh2Qn2y9THCZML3H815hhFhn5YC,TAUN6FwrnwwmaEqYcckffC7wYmbaS6cBiX,true,SUCCESS,13403.460000
32393fd9ef5e6dea3a2cbb8e805d042846d6cc7febc50a35dcb12d54c232e7ab,18444636,2020/03/30 19:29:36,THPvaUhoh2Qn2y9THCZML3H815hhFhn5YC,TRWzyiwLaRLBaByN3Tj88GjeHbrw6TBJf8,true,SUCCESS,100003.000000
6c8d6dc7b213ecb8aa019d5e5721fe648f70b87ac8147c8f55d21e02e4909f6f,18249295,2020/03/24 00:37:00,TXUqMBAisbzUg3myoZys7q9wQqafyUUJib,THPvaUhoh2Qn2y9THCZML3H815hhFhn5YC,true,SUCCESS,10000.000000
21074987250dbd04e329ff0663e7371855cf53fbe34ecdd61ce5b8c4e0ad141f,18122808,2020/03/19 15:08:42,THPvaUhoh2Qn2y9THCZML3H815hhFhn5YC,TSTVNzH3UoAYfPTPofmanBUU197aLFKU9K,true,SUCCESS,800.000000
de03dcdc390e28bf200b01cccdbd6915d6fd434790351fefa81070acd7e85e5a,18121267,2020/03/19 13:51:30,THPvaUhoh2Qn2y9THCZML3H815hhFhn5YC,TRWzyiwLaRLBaByN3Tj88GjeHbrw6TBJf8,true,SUCCESS,100004.000000
a367de488c2b0429b05610c549fe542d609d979498cd22ab55a5eceb1f3cf220,18102029,2020/03/18 21:49:03,THPvaUhoh2Qn2y9THCZML3H815hhFhn5YC,TSTVNzH3UoAYfPTPofmanBUU197aLFKU9K,true,SUCCESS,1298000.000000
9884452d525eb28cb62953c8e871d68e7286378690c28fbe6df5f707a761a028,18102020,2020/03/18 21:48:36,T9yD14Nj9j7xAB4dbGeiX9h8unkKHxuWwb,THPvaUhoh2Qn2y9THCZML3H815hhFhn5YC,true,SUCCESS,3000000.000000
5130757df7cda1b7daa6ac8a6bac82da5784266421309bf4a43ce51dbafb24b4,18072888,2020/03/17 21:30:39,THPvaUhoh2Qn2y9THCZML3H815hhFhn5YC,TSTVNzH3UoAYfPTPofmanBUU197aLFKU9K,true,SUCCESS,1299000.000000
10c1aedaff45e3340f6d69c71ef40ebe711e7bdd5b801715840345d3821f35b4,18068412,2020/03/17 17:46:45,THPvaUhoh2Qn2y9THCZML3H815hhFhn5YC,TRWzyiwLaRLBaByN3Tj88GjeHbrw6TBJf8,true,SUCCESS,100000.000000
127bd933aaeaf31244320992d0ac36b85a7f050799da9721b217dd609d3525b4,18067699,2020/03/17 17:11:06,THPvaUhoh2Qn2y9THCZML3H815hhFhn5YC,TGddFQCnL913P6tpKdcwXxQTb3tgx5SAsp,true,SUCCESS,50000000.000000
a96499f48b949d5841f977f2c48d1001c3d72005cd6c77431642c22b22a322a2,18067687,2020/03/17 17:10:30,T9yD14Nj9j7xAB4dbGeiX9h8unkKHxuWwb,THPvaUhoh2Qn2y9THCZML3H815hhFhn5YC,true,SUCCESS,50000000.000000
5fe7bdc8741e5a063e4fb7278598c4ab9e34ef38d925021408babde502024aca,18041032,2020/03/16 18:57:00,THPvaUhoh2Qn2y9THCZML3H815hhFhn5YC,TSTVNzH3UoAYfPTPofmanBUU197aLFKU9K,true,SUCCESS,1430000.000000
b93cc32466095de1d5fe5a29941b7d7e119711a8370e2c6bc91136b1c6144006,18038484,2020/03/16 16:49:27,THPvaUhoh2Qn2y9THCZML3H815hhFhn5YC,TXFBqBbqJommqZf7BV8NNYzePh97UmJodJ,true,SUCCESS,4000000.000000
05f284ced0d18e83bb6cf7ca27e123b98f8e14ce88e103663ffbccb76969d5c5,18038041,2020/03/16 16:27:12,THPvaUhoh2Qn2y9THCZML3H815hhFhn5YC,TXFBqBbqJommqZf7BV8NNYzePh97UmJodJ,true,SUCCESS,50000000.000000
5f559790565979c75a8f02d38d5546782693b9a2856ad143a1b358163b1b66f3,18037999,2020/03/16 16:25:06,T9yD14Nj9j7xAB4dbGeiX9h8unkKHxuWwb,THPvaUhoh2Qn2y9THCZML3H815hhFhn5YC,true,SUCCESS,50000000.000000
db082856a3273bb128eadbd7571aea196c29dd4445a37a863466b73c5e4fd221,18007392,2020/03/15 14:53:09,TJ1dgTTKgJ3do3ftjhKhSYYtMk1QeVWUay,THPvaUhoh2Qn2y9THCZML3H815hhFhn5YC,true,SUCCESS,4000000.000000
2bb5feee174ea12ebf3ca3848b2fc79ef5f642c70646723fc9aa7a7c6e83f3a0,17983285,2020/03/14 18:47:00,TRE4Yj8HNHW6gdRY5SdXk4dTimCH69mT6B,THPvaUhoh2Qn2y9THCZML3H815hhFhn5YC,true,SUCCESS,0.010000
903050cc6c317eb057a458c13da49053e535adf776843b229fcf6d90ca38c69b,17953584,2020/03/13 18:00:39,THPvaUhoh2Qn2y9THCZML3H815hhFhn5YC,TXFBqBbqJommqZf7BV8NNYzePh97UmJodJ,true,SUCCESS,55000000.000000
34ff94f75c26443e0f69169ed7319d87dec57a018d62ed6493e843c101bac048,17953570,2020/03/13 17:59:51,T9yD14Nj9j7xAB4dbGeiX9h8unkKHxuWwb,THPvaUhoh2Qn2y9THCZML3H815hhFhn5YC,true,SUCCESS,55000000.000000
c42e37b8efad4b7b52be1b13bc31e7175dd120f27cc49c3bc26ca285060ba699,17951850,2020/03/13 16:33:48,THPvaUhoh2Qn2y9THCZML3H815hhFhn5YC,TSTVNzH3UoAYfPTPofmanBUU197aLFKU9K,true,SUCCESS,1061000.000000
343e7cda5b72103cc84e1341a32c1983b681e88262228e87b5019421b55dde8b,17943437,2020/03/13 09:32:48,TJ1dgTTKgJ3do3ftjhKhSYYtMk1QeVWUay,THPvaUhoh2Qn2y9THCZML3H815hhFhn5YC,true,SUCCESS,1000000.000000
6adb19b42bb7628e5461ab445e53d41669b08721a65b39c944b8d34427df1f71,17927068,2020/03/12 19:53:42,TJ1dgTTKgJ3do3ftjhKhSYYtMk1QeVWUay,THPvaUhoh2Qn2y9THCZML3H815hhFhn5YC,true,SUCCESS,2000000.000000
3dff7cf34e319fcdb76b1ac442c99f7372fbb018ef45ffb140d9ed22798de607,17926560,2020/03/12 19:28:18,THPvaUhoh2Qn2y9THCZML3H815hhFhn5YC,TXFBqBbqJommqZf7BV8NNYzePh97UmJodJ,true,SUCCESS,3000000.000000
4d2e84fdb8bdeae99b165bb0e194dfcd00bb24347a846b4c809c00f29686f4a7,17926535,2020/03/12 19:27:03,T9yD14Nj9j7xAB4dbGeiX9h8unkKHxuWwb,THPvaUhoh2Qn2y9THCZML3H815hhFhn5YC,true,SUCCESS,3000000.000000
7c751d8d349db42469461fd550dad272aace6cf62cfc63c2b12b231c2ebb8997,17926099,2020/03/12 19:05:15,THPvaUhoh2Qn2y9THCZML3H815hhFhn5YC,TSTVNzH3UoAYfPTPofmanBUU197aLFKU9K,true,SUCCESS,784000.000000
e640292c62df75f074f8329825de9de410752518ad3a25ad61641edf805ee31e,17921531,2020/03/12 15:16:45,TJ1dgTTKgJ3do3ftjhKhSYYtMk1QeVWUay,THPvaUhoh2Qn2y9THCZML3H815hhFhn5YC,true,SUCCESS,2000000.000000
2166e777f4ce94b7356e6275dc99db1f9eb85d4288daff9fe9d5332dfb75b2cc,17914743,2020/03/12 09:37:15,THPvaUhoh2Qn2y9THCZML3H815hhFhn5YC,TXFBqBbqJommqZf7BV8NNYzePh97UmJodJ,true,SUCCESS,3000000.000000
1cafbaade24c0d8bb2517037c4a25fcdba3ee5ffa926ab780d665779cb9208b8,17914725,2020/03/12 09:36:21,T9yD14Nj9j7xAB4dbGeiX9h8unkKHxuWwb,THPvaUhoh2Qn2y9THCZML3H815hhFhn5YC,true,SUCCESS,3000000.000000
79a59f57b68e8b64512366be76f85a1b9627b616aef0c9c1d240beb9e1b05b02,17902299,2020/03/11 23:14:51,THPvaUhoh2Qn2y9THCZML3H815hhFhn5YC,TXFBqBbqJommqZf7BV8NNYzePh97UmJodJ,true,SUCCESS,3000000.000000
9e05ef8eee8ba2ff99223f19601fbb066010a65766f013459faa12e2440f995a,17866133,2020/03/10 17:05:48,THPvaUhoh2Qn2y9THCZML3H815hhFhn5YC,TXFBqBbqJommqZf7BV8NNYzePh97UmJodJ,true,SUCCESS,4000000.000000
9fe6a2c4a080e1cb3a502c2043a432d2ef28d9f8dcc3ec2dfa333e57076de68f,17864783,2020/03/10 15:58:06,TJ1dgTTKgJ3do3ftjhKhSYYtMk1QeVWUay,THPvaUhoh2Qn2y9THCZML3H815hhFhn5YC,true,SUCCESS,2000000.000000
2fbe5a6e8eed8f89bc2a73a51cc717e8e727e83e6506d673e52dc53d619b672d,17864778,2020/03/10 15:57:51,TJ1dgTTKgJ3do3ftjhKhSYYtMk1QeVWUay,THPvaUhoh2Qn2y9THCZML3H815hhFhn5YC,true,SUCCESS,2000000.000000
29bea021713d8eadb700b928d590420583fc12deb8dda630b98ae6acf3bd2325,17845330,2020/03/09 23:45:00,TJ1dgTTKgJ3do3ftjhKhSYYtMk1QeVWUay,THPvaUhoh2Qn2y9THCZML3H815hhFhn5YC,true,SUCCESS,1000000.000000
c4c1d73404891e9c552c35f5cba56e4fc5e382d7b932a7f09b383392797c3d9a,17845322,2020/03/09 23:44:36,TJ1dgTTKgJ3do3ftjhKhSYYtMk1QeVWUay,THPvaUhoh2Qn2y9THCZML3H815hhFhn5YC,true,SUCCESS,2000000.000000
32f1d6a0c62ac640228a28833017a4e4803dae0e7514b1f3bf54df38ce041662,17519418,2020/02/27 16:00:21,THPvaUhoh2Qn2y9THCZML3H815hhFhn5YC,TXFBqBbqJommqZf7BV8NNYzePh97UmJodJ,true,SUCCESS,15000000.000000
0073c7e532d94ab0e6d4ed974a014a98ec8dd4af79db0f9e208b20730ef07294,17519399,2020/02/27 15:59:24,T9yD14Nj9j7xAB4dbGeiX9h8unkKHxuWwb,THPvaUhoh2Qn2y9THCZML3H815hhFhn5YC,true,SUCCESS,15000000.000000
8998d5f57052620a595e3c53c12e60198529fb88d166d73116b86ec13b9f6f80,17377783,2020/02/22 17:25:27,THPvaUhoh2Qn2y9THCZML3H815hhFhn5YC,TXFBqBbqJommqZf7BV8NNYzePh97UmJodJ,true,SUCCESS,20000000.000000
9b20de4108b9ac9f2650a3d3293104afb9be6367ceb605e9297cc85927462fc2,17377735,2020/02/22 17:23:03,T9yD14Nj9j7xAB4dbGeiX9h8unkKHxuWwb,THPvaUhoh2Qn2y9THCZML3H815hhFhn5YC,true,SUCCESS,20000000.000000
f9d561cfddf4d8de1a63c397349b954b4d9785078ff5ae8d743ddfce6d954c94,17316445,2020/02/20 14:17:33,THPvaUhoh2Qn2y9THCZML3H815hhFhn5YC,T9yD14Nj9j7xAB4dbGeiX9h8unkKHxuWwb,true,SUCCESS,300000000.000000
3c1bcee1667eba8d53397eccee40c9e1195e50d2e7581aea392d078b7f87c27a,17316289,2020/02/20 14:09:45,TAUN6FwrnwwmaEqYcckffC7wYmbaS6cBiX,THPvaUhoh2Qn2y9THCZML3H815hhFhn5YC,true,SUCCESS,299999990.000000
5c0e135381ddc922bb2fff28d189e592acf6d217b38052e748a3b16e851bc3b7,17315742,2020/02/20 13:42:24,TAUN6FwrnwwmaEqYcckffC7wYmbaS6cBiX,THPvaUhoh2Qn2y9THCZML3H815hhFhn5YC,true,SUCCESS,10.000000
6dd48165438cba0ee558181409b15ff1b2af9a2615b9935c781c1127091e8cab,17270214,2020/02/18 23:44:54,THPvaUhoh2Qn2y9THCZML3H815hhFhn5YC,TNMDwbHyAQo38tK4fCYe4ooSZXesbK8ExZ,true,SUCCESS,4000000.000000
0f88df8299daadad18eeabdc4291dd16b452d90ee70514c06788625754a2076e,17270202,2020/02/18 23:44:18,T9yD14Nj9j7xAB4dbGeiX9h8unkKHxuWwb,THPvaUhoh2Qn2y9THCZML3H815hhFhn5YC,true,SUCCESS,4000000.000000
800dd9c12e5b779f5ebf7f6a88857e01d9e58d9942d52e51f100fe9f3370ce81,17171889,2020/02/15 13:47:12,THPvaUhoh2Qn2y9THCZML3H815hhFhn5YC,TXFBqBbqJommqZf7BV8NNYzePh97UmJodJ,true,SUCCESS,20000000.000000
643c3224a44227ed5428f4e796dd46a2e14e1ea7b4bb3a6018800fa634e283e6,17171875,2020/02/15 13:46:30,T9yD14Nj9j7xAB4dbGeiX9h8unkKHxuWwb,THPvaUhoh2Qn2y9THCZML3H815hhFhn5YC,true,SUCCESS,20000000.000000
6e38e31a423abcb029c125890c390bc150b5a55b316da702e1c381e574e2d1f3,17027971,2020/02/10 13:11:06,THPvaUhoh2Qn2y9THCZML3H815hhFhn5YC,TXFBqBbqJommqZf7BV8NNYzePh97UmJodJ,true,SUCCESS,25000000.000000
212eba548554e7fcf91f99a38ee1240c9c9725398385a6c50de3ae7b7279663d,17027959,2020/02/10 13:10:30,T9yD14Nj9j7xAB4dbGeiX9h8unkKHxuWwb,THPvaUhoh2Qn2y9THCZML3H815hhFhn5YC,true,SUCCESS,25000000.000000
e8cc1697e4e4750b444953e55058cb88fb4cdaa4b7aafb412f35bf3a65452b40,16887508,2020/02/05 16:05:48,THPvaUhoh2Qn2y9THCZML3H815hhFhn5YC,T9yD14Nj9j7xAB4dbGeiX9h8unkKHxuWwb,true,SUCCESS,102155590.480000
4c92de52ad8e00f1881458cd25f95cfd128f732dcae549834430b7aad7f821fd,16887489,2020/02/05 16:04:51,TXFBqBbqJommqZf7BV8NNYzePh97UmJodJ,THPvaUhoh2Qn2y9THCZML3H815hhFhn5YC,true,SUCCESS,102155590.480000
50cbd365095b8ee1c959321de6c067ef2b8fc32a14d5f1df23c1c1c7023be4c3,15272196,2019/12/11 12:31:39,THPvaUhoh2Qn2y9THCZML3H815hhFhn5YC,TXFBqBbqJommqZf7BV8NNYzePh97UmJodJ,true,SUCCESS,40000000.000000
091717e0960d99587fa128d14a5e57c272073ee785831cc82e8e565ac1f2795a,15272165,2019/12/11 12:30:03,T9yD14Nj9j7xAB4dbGeiX9h8unkKHxuWwb,THPvaUhoh2Qn2y9THCZML3H815hhFhn5YC,true,SUCCESS,40000000.000000
f5f6a20f213184fc1dfeceff31dbf96dff6ecebe2302f9a136c22fadf3791015,15272058,2019/12/11 12:24:30,T9yD14Nj9j7xAB4dbGeiX9h8unkKHxuWwb,THPvaUhoh2Qn2y9THCZML3H815hhFhn5YC,true,SUCCESS,0.001000
fbd54f1e7cbe7f1ddc2b6fac14bf648d271ab064a6182bf37f3be2dbe8e41ac5,15012839,2019/12/02 11:41:27,T9yD14Nj9j7xAB4dbGeiX9h8unkKHxuWwb,THPvaUhoh2Qn2y9THCZML3H815hhFhn5YC,true,SUCCESS,1000000000
f26c1cd81909da02ba84690e72d7d203a121d70b5307d7fc4a5fbd13fb2f72e8,15011542,2019/12/02 10:36:36,THPvaUhoh2Qn2y9THCZML3H815hhFhn5YC,TSdTLHCmWCVVYp7iECfFexH2ddPFnenwEP,true,SUCCESS,1.000000
a8e8aec67a3aeaf3c01046111e3f455155f869e1e47c18f3b4bbfaeb82f505af,14892093,2019/11/28 07:02:21,THPvaUhoh2Qn2y9THCZML3H815hhFhn5YC,TNMDwbHyAQo38tK4fCYe4ooSZXesbK8ExZ,true,SUCCESS,1998000.000000
63bb35f4163616c83986311815ff2d3757f11cfc96fb23538a34ba17ac05a00a,14892082,2019/11/28 07:01:48,T9yD14Nj9j7xAB4dbGeiX9h8unkKHxuWwb,THPvaUhoh2Qn2y9THCZML3H815hhFhn5YC,true,SUCCESS,2000000.000000
300c3054d9bb1ae4f7ee753c706bb60416bca7f668090f5b09373bc2670a2ab4,14753109,2019/11/23 11:09:24,THPvaUhoh2Qn2y9THCZML3H815hhFhn5YC,TXFBqBbqJommqZf7BV8NNYzePh97UmJodJ,true,SUCCESS,30000000.000000
dc3d4463769dee2f7467348600f821cf9f5b297549fb709a05d259cfd12d063f,14753036,2019/11/23 11:05:45,T9yD14Nj9j7xAB4dbGeiX9h8unkKHxuWwb,THPvaUhoh2Qn2y9THCZML3H815hhFhn5YC,true,SUCCESS,30000000.000000
3efa87a0e4218d7ad63a105036a4c801f2c6d764d10368684ea5bf89296cc3df,14405169,2019/11/11 09:06:48,TVBXQN2LfGc1FS2SxjJNRDMxNro28r7dKT,THPvaUhoh2Qn2y9THCZML3H815hhFhn5YC,true,SUCCESS,0.147012
3046174715e7ffe0e175c8f4b8af8c5153f8490d0cdc84bc4535e9a1d585b45c,14219612,2019/11/04 22:23:39,THPvaUhoh2Qn2y9THCZML3H815hhFhn5YC,TNMDwbHyAQo38tK4fCYe4ooSZXesbK8ExZ,true,SUCCESS,1998000.000000
83c350c92841859e006f0188cd547946f1c3ca795704fa3a02a100be2c68561f,14219592,2019/11/04 22:22:39,T9yD14Nj9j7xAB4dbGeiX9h8unkKHxuWwb,THPvaUhoh2Qn2y9THCZML3H815hhFhn5YC,true,SUCCESS,1500000.000000
28d100189a99cf3efeb05e18a6d9fb6f7ae68fc8bd4d5437e432d3ae253973a5,14217888,2019/11/04 20:57:27,THPvaUhoh2Qn2y9THCZML3H815hhFhn5YC,TNMDwbHyAQo38tK4fCYe4ooSZXesbK8ExZ,true,SUCCESS,3996000.000000
fe8ce03a818e4e746b473d2060f76c0e3a62748cae205c3a06c94b2f95a48b64,14217881,2019/11/04 20:57:06,T9yD14Nj9j7xAB4dbGeiX9h8unkKHxuWwb,THPvaUhoh2Qn2y9THCZML3H815hhFhn5YC,true,SUCCESS,4000000.000000
00bbf1351d973c07022bcb1927a9b2231e38036247c31f24eac4c8a3c5bb8140,14217105,2019/11/04 20:18:18,THPvaUhoh2Qn2y9THCZML3H815hhFhn5YC,TNMDwbHyAQo38tK4fCYe4ooSZXesbK8ExZ,true,SUCCESS,2997000.000000
3ce4b4df8beb853a7824f2b62c51ceb27ac021c4caf5c3c70d8bbfd4caa27fc6,14217099,2019/11/04 20:18:00,T9yD14Nj9j7xAB4dbGeiX9h8unkKHxuWwb,THPvaUhoh2Qn2y9THCZML3H815hhFhn5YC,true,SUCCESS,3000000.000000
93127103453541f4e4e8725c9d1a955c76f83deeb0dbf331c7c7f15d4ffca427,14151560,2019/11/02 13:39:45,THPvaUhoh2Qn2y9THCZML3H815hhFhn5YC,TNMDwbHyAQo38tK4fCYe4ooSZXesbK8ExZ,true,SUCCESS,3996000.000000
6ff824eda9c7ac95c4ae4c2f61f81eb46589b8a108de426061ab4a9e4301079a,14151532,2019/11/02 13:38:21,T9yD14Nj9j7xAB4dbGeiX9h8unkKHxuWwb,THPvaUhoh2Qn2y9THCZML3H815hhFhn5YC,true,SUCCESS,3997000.000000
aae2602a78311f2bfb6bc57c1647cb0d28c697b2643417fb574ae5f8aad41d30,14092113,2019/10/31 12:06:03,THPvaUhoh2Qn2y9THCZML3H815hhFhn5YC,TXFBqBbqJommqZf7BV8NNYzePh97UmJodJ,true,SUCCESS,20000000.000000
eca30830a8806a2553b95bcf67e01a20dcc9b80ec8329ec60476575d275f8d9a,14092103,2019/10/31 12:05:33,T9yD14Nj9j7xAB4dbGeiX9h8unkKHxuWwb,THPvaUhoh2Qn2y9THCZML3H815hhFhn5YC,true,SUCCESS,15000000.000000
13b587b1dfadd13850a32ae8576321bb03d238097883dc2c963e6b6d96645217,14087604,2019/10/31 08:20:30,THPvaUhoh2Qn2y9THCZML3H815hhFhn5YC,TXFBqBbqJommqZf7BV8NNYzePh97UmJodJ,true,SUCCESS,10000000.000000
8493aba6b2350113260d28a762864fd060bdfbc6926152aec606f15292180c0f,14086527,2019/10/31 07:26:39,THPvaUhoh2Qn2y9THCZML3H815hhFhn5YC,TXFBqBbqJommqZf7BV8NNYzePh97UmJodJ,true,SUCCESS,10000000.000000
7c7f33f702e471c136d607f002b18c4a8cfa14521d99f00c26180f389b9cc163,14082759,2019/10/31 04:18:09,TYnCmXjqTQn8KPyeKqbFuLKo7M4dgtyCvg,THPvaUhoh2Qn2y9THCZML3H815hhFhn5YC,true,SUCCESS,1.00000000
1452ffb7cee7f599b38da06e4d42b0d552f266e0a142258c37fb720783daa194,14076490,2019/10/30 23:04:36,TGskcL73f13V66Zu961XxvuAQVqnDvg9x5,THPvaUhoh2Qn2y9THCZML3H815hhFhn5YC,true,SUCCESS,10.000000
911acc441b55708016389d70ea41f666c41c6fd590ddd59ae090f03011ec1c61,14066739,2019/10/30 14:56:57,THPvaUhoh2Qn2y9THCZML3H815hhFhn5YC,TQNbjZ17omiq1yxAf9BCpMAu3LpkcyWp3i,true,SUCCESS,1998000.000000
51f8b69915561645f07453acb36ee49a2404fe35f0247e2d11e25c8777734ade,14042045,2019/10/29 18:21:54,THPvaUhoh2Qn2y9THCZML3H815hhFhn5YC,TTo6JjZyYEaRsUshaRBof5c74oV4m3172Z,true,SUCCESS,2697300.000000
c8b454549d31962041ef876062ba13216bc86387e29069a52efb392a4e07b448,14038860,2019/10/29 15:42:27,TXFBqBbqJommqZf7BV8NNYzePh97UmJodJ,THPvaUhoh2Qn2y9THCZML3H815hhFhn5YC,true,SUCCESS,20000000.000000
ed42ee5f19a75d2e96593ea43f694079c9d9ef9c0d236542eb555b7945ffab11,14030417,2019/10/29 08:40:03,TXFBqBbqJommqZf7BV8NNYzePh97UmJodJ,THPvaUhoh2Qn2y9THCZML3H815hhFhn5YC,true,SUCCESS,10000000.000000
d567b9ed73d9aeff2efb18405b2260adaad8970777681ebb1b701c9785302fb1,14016626,2019/10/28 21:10:06,THPvaUhoh2Qn2y9THCZML3H815hhFhn5YC,TNBo47akHFnUUpyLfa7qYaBJKcsbcd6NKu,true,SUCCESS,5994000.000000
03763b8c28e6f8ee9a391d66f8975a52906684b074381a84c166a9ecd8564b34,14016618,2019/10/28 21:09:42,T9yD14Nj9j7xAB4dbGeiX9h8unkKHxuWwb,THPvaUhoh2Qn2y9THCZML3H815hhFhn5YC,true,SUCCESS,5994000.000000
e8fcf1921cb7b902a65421c579fa52558af5d5fc1749f54fa744ad68026c9b7b,14011611,2019/10/28 16:59:09,THPvaUhoh2Qn2y9THCZML3H815hhFhn5YC,TNMDwbHyAQo38tK4fCYe4ooSZXesbK8ExZ,true,SUCCESS,3996000.000000
d0eb794ee866ba7e61575dbfdc56afc60092e0d13b0b1cb1f22fffe6249a1459,14011604,2019/10/28 16:58:48,T9yD14Nj9j7xAB4dbGeiX9h8unkKHxuWwb,THPvaUhoh2Qn2y9THCZML3H815hhFhn5YC,true,SUCCESS,3996000.000000
bf6b8f38095471603afdd3aa2d7cc097b177271e84b6711739e6f61117783123,14008677,2019/10/28 14:32:27,THPvaUhoh2Qn2y9THCZML3H815hhFhn5YC,TNMDwbHyAQo38tK4fCYe4ooSZXesbK8ExZ,true,SUCCESS,3996000.000000
54614f6637e67e0a2dd81419217c7fccc168c0af3bc1497c1806298417b3e3ce,14008667,2019/10/28 14:31:57,T9yD14Nj9j7xAB4dbGeiX9h8unkKHxuWwb,THPvaUhoh2Qn2y9THCZML3H815hhFhn5YC,true,SUCCESS,3996000.000000
5088eb1a00de18d12793db1e7477ffc63a611cb5f4c240e4de56c16391633630,14002859,2019/10/28 09:41:06,THPvaUhoh2Qn2y9THCZML3H815hhFhn5YC,TXFBqBbqJommqZf7BV8NNYzePh97UmJodJ,true,SUCCESS,30000000.000000
6deabfc56c216a0362159aaf3289d3430ee4aa19feaf9e6e7e68a1f011dc021d,14002826,2019/10/28 09:39:27,T9yD14Nj9j7xAB4dbGeiX9h8unkKHxuWwb,THPvaUhoh2Qn2y9THCZML3H815hhFhn5YC,true,SUCCESS,30000000.000000
ff6b8ccd4ee586416491e45404d1b0231a3708c40274bce4ae1a0558367ba4e9,13987021,2019/10/27 20:27:51,THPvaUhoh2Qn2y9THCZML3H815hhFhn5YC,TNMDwbHyAQo38tK4fCYe4ooSZXesbK8ExZ,true,SUCCESS,3996000.000000
893ddcf45336db0d52c4a6947299260eb5652a44571a8638e9fcaa0b28e58b3c,13987013,2019/10/27 20:27:27,T9yD14Nj9j7xAB4dbGeiX9h8unkKHxuWwb,THPvaUhoh2Qn2y9THCZML3H815hhFhn5YC,true,SUCCESS,3996000.000000
94a98593d997c10352a9ec96c38419249e4b0a0b47a9475e821456a6a3c37139,13983424,2019/10/27 17:27:48,THPvaUhoh2Qn2y9THCZML3H815hhFhn5YC,TNMDwbHyAQo38tK4fCYe4ooSZXesbK8ExZ,true,SUCCESS,3996000.000000
c4e51c9fad1da0535fb778f659c748ee2c0dd55646835054f871e2989778b004,13983409,2019/10/27 17:27:03,T9yD14Nj9j7xAB4dbGeiX9h8unkKHxuWwb,THPvaUhoh2Qn2y9THCZML3H815hhFhn5YC,true,SUCCESS,3996000.000000
5b3e634e7d72497d7ffcdb10667c865b040e3d4e48efba337a3c697307e2bbca,13979309,2019/10/27 14:01:36,THPvaUhoh2Qn2y9THCZML3H815hhFhn5YC,TNMDwbHyAQo38tK4fCYe4ooSZXesbK8ExZ,true,SUCCESS,3996000.000000
46b198da19ca76ad7308ff93deb36c3fcb0dfdbe3af2deef35abd701d67be8cb,13979303,2019/10/27 14:01:18,T9yD14Nj9j7xAB4dbGeiX9h8unkKHxuWwb,THPvaUhoh2Qn2y9THCZML3H815hhFhn5YC,true,SUCCESS,3996000.000000
03bf7556e1e2a06d055b03ed930539897540c054af48facea5cf7d2e431590b4,13972805,2019/10/27 08:36:09,THPvaUhoh2Qn2y9THCZML3H815hhFhn5YC,TXFBqBbqJommqZf7BV8NNYzePh97UmJodJ,true,SUCCESS,45000000.000000
f358cd47a824ad4ccf4ef9d78fccfbdcf15c7c04192cee20d612150b7f1c1254,13972798,2019/10/27 08:35:48,T9yD14Nj9j7xAB4dbGeiX9h8unkKHxuWwb,THPvaUhoh2Qn2y9THCZML3H815hhFhn5YC,true,SUCCESS,45000000.000000
4bfcc11077b0448f403f0263879fd2ba1321850347f1fc0765ec99b412463f93,13972713,2019/10/27 08:31:33,THPvaUhoh2Qn2y9THCZML3H815hhFhn5YC,TNMDwbHyAQo38tK4fCYe4ooSZXesbK8ExZ,true,SUCCESS,3996000.000000
eeaf50a84d7dc9fd6824141baaef8843b38b596f8c140fd92f388b226c8e4f5b,13972707,2019/10/27 08:31:15,T9yD14Nj9j7xAB4dbGeiX9h8unkKHxuWwb,THPvaUhoh2Qn2y9THCZML3H815hhFhn5YC,true,SUCCESS,3996000.000000
dd9b9c5eb9c2d6d0367c40857b9bb3925f1c58242b57385143615aacff084eeb,13957266,2019/10/26 19:38:00,THPvaUhoh2Qn2y9THCZML3H815hhFhn5YC,TXFBqBbqJommqZf7BV8NNYzePh97UmJodJ,true,SUCCESS,45000000.000000
0df0f34e57e9dddc9df60dadbfaf8fe4ef11c2324b17762d0ca893533c2f17c1,13957259,2019/10/26 19:37:39,T9yD14Nj9j7xAB4dbGeiX9h8unkKHxuWwb,THPvaUhoh2Qn2y9THCZML3H815hhFhn5YC,true,SUCCESS,45000000.000000
4a0548656bcd8329a343cdf90d681dfa47b9f7e1eee714c71c59ee251ab311b8,13953959,2019/10/26 16:52:33,THPvaUhoh2Qn2y9THCZML3H815hhFhn5YC,TNMDwbHyAQo38tK4fCYe4ooSZXesbK8ExZ,true,SUCCESS,2997000.000000
180e2adc47c72f65f24a6188dc1199a99d8d9c6107bf6d568698c640072efa3c,13953953,2019/10/26 16:52:15,T9yD14Nj9j7xAB4dbGeiX9h8unkKHxuWwb,THPvaUhoh2Qn2y9THCZML3H815hhFhn5YC,true,SUCCESS,2997000.000000
263923227f798753223f03a176ff1f611c6cfb0068bc036e85c424a0ca1c63c3,13951668,2019/10/26 14:57:48,THPvaUhoh2Qn2y9THCZML3H815hhFhn5YC,TNMDwbHyAQo38tK4fCYe4ooSZXesbK8ExZ,true,SUCCESS,2997000.000000
e29491f5cb657545092b2ae8e022eba1a487a01b38045ba54dc5ccc6b79a3459,13951663,2019/10/26 14:57:33,T9yD14Nj9j7xAB4dbGeiX9h8unkKHxuWwb,THPvaUhoh2Qn2y9THCZML3H815hhFhn5YC,true,SUCCESS,2997000.000000
716dfdec75bf5cff13fbbcda7620d4b5ce0c95cab6840f3271df057bfa5e5277,13945686,2019/10/26 09:58:36,THPvaUhoh2Qn2y9THCZML3H815hhFhn5YC,TXFBqBbqJommqZf7BV8NNYzePh97UmJodJ,true,SUCCESS,30000000.000000
a0d766f0be9a72b3707b901b88803034801e656e653ce1091e3f3b5179d54aea,13945659,2019/10/26 09:57:15,T9yD14Nj9j7xAB4dbGeiX9h8unkKHxuWwb,THPvaUhoh2Qn2y9THCZML3H815hhFhn5YC,true,SUCCESS,30000000.000000
2506517697684ef69c58493b04699ba484eaa174f5b15f8bb0947a42216e21d3,13931798,2019/10/25 22:23:36,THPvaUhoh2Qn2y9THCZML3H815hhFhn5YC,TNMDwbHyAQo38tK4fCYe4ooSZXesbK8ExZ,true,SUCCESS,2497500.000000
427dfbc957c75d5aa9e60eadb5a46f2fa12f64a775a3736d777e3511ed25e6f6,13931791,2019/10/25 22:23:15,THPvaUhoh2Qn2y9THCZML3H815hhFhn5YC,TNBo47akHFnUUpyLfa7qYaBJKcsbcd6NKu,true,SUCCESS,7992000.000000
406cbb9054d1c597900ab7833e35c9eb754ba32e4a437eb6754284abcaca117c,13931779,2019/10/25 22:22:39,T9yD14Nj9j7xAB4dbGeiX9h8unkKHxuWwb,THPvaUhoh2Qn2y9THCZML3H815hhFhn5YC,true,SUCCESS,10500000.000000
10ab39bc3a1a2a96dcbac357aea815cbe7941b8c54ebf0b01318e4371878d101,13931394,2019/10/25 22:03:24,THPvaUhoh2Qn2y9THCZML3H815hhFhn5YC,TXFBqBbqJommqZf7BV8NNYzePh97UmJodJ,true,SUCCESS,45000000.000000
258cb394573963c3ba6307197f798e9f1550c0bf76a8ea293d6d00322f9c3613,13931386,2019/10/25 22:03:00,T9yD14Nj9j7xAB4dbGeiX9h8unkKHxuWwb,THPvaUhoh2Qn2y9THCZML3H815hhFhn5YC,true,SUCCESS,45000000.000000
a6aaaa2fe46eeeef510c9369411fbdae5d123a807850da6a907423b29f84255b,13926468,2019/10/25 17:57:00,THPvaUhoh2Qn2y9THCZML3H815hhFhn5YC,TXFBqBbqJommqZf7BV8NNYzePh97UmJodJ,true,SUCCESS,30000000.000000
77dd16a244b6b216bb715d05a73477359c04d27b501e1d06d8b48f87867075b0,13926454,2019/10/25 17:56:18,T9yD14Nj9j7xAB4dbGeiX9h8unkKHxuWwb,THPvaUhoh2Qn2y9THCZML3H815hhFhn5YC,true,SUCCESS,30000000.000000
53452390a207fa28f5c6bdf37c6cba7471f3a1303918fcac244d82c0a3f739bd,13926207,2019/10/25 17:43:57,THPvaUhoh2Qn2y9THCZML3H815hhFhn5YC,TNMDwbHyAQo38tK4fCYe4ooSZXesbK8ExZ,true,SUCCESS,1998000.000000
5b90c35ee113b801be36992bfd7ab8eead07b79fd0fd5dc607866268f612e579,13926199,2019/10/25 17:43:33,T9yD14Nj9j7xAB4dbGeiX9h8unkKHxuWwb,THPvaUhoh2Qn2y9THCZML3H815hhFhn5YC,true,SUCCESS,2000000.000000
2579e9f0a140ac0eb9aafb59640b304a34c7f5503accfadb51a68ab8746342be,13925899,2019/10/25 17:28:33,THPvaUhoh2Qn2y9THCZML3H815hhFhn5YC,TXFBqBbqJommqZf7BV8NNYzePh97UmJodJ,true,SUCCESS,20000000.000000
db3c6fb99bafd1a97120d71375200fad54c7408f639690ac4ececef8fca6dd7c,13925887,2019/10/25 17:27:57,T9yD14Nj9j7xAB4dbGeiX9h8unkKHxuWwb,THPvaUhoh2Qn2y9THCZML3H815hhFhn5YC,true,SUCCESS,20000000.000000
86f5f8f3aa87fd983aab252ed3f626c931e1afc9d2b6d7acb4bf2d9c07461d1d,13925507,2019/10/25 17:08:57,THPvaUhoh2Qn2y9THCZML3H815hhFhn5YC,TNMDwbHyAQo38tK4fCYe4ooSZXesbK8ExZ,true,SUCCESS,2997000.000000
938f946e5c1ae35231afff47bbc270fedbc1800c19766a1b7a1641c48d951168,13925499,2019/10/25 17:08:33,T9yD14Nj9j7xAB4dbGeiX9h8unkKHxuWwb,THPvaUhoh2Qn2y9THCZML3H815hhFhn5YC,true,SUCCESS,3000000.000000
80c5fa6ebdbbd53d12346289028c026f38f04bc2e9449787eae0291f5d3dda80,13921440,2019/10/25 13:45:27,THPvaUhoh2Qn2y9THCZML3H815hhFhn5YC,TXFBqBbqJommqZf7BV8NNYzePh97UmJodJ,true,SUCCESS,30000000.000000
0fff50bc8b1664f4271435f69bbd2223489678e602b3cfefb09b4ff429fc7284,13921419,2019/10/25 13:44:24,T9yD14Nj9j7xAB4dbGeiX9h8unkKHxuWwb,THPvaUhoh2Qn2y9THCZML3H815hhFhn5YC,true,SUCCESS,30000000.000000
a0e755fcd9bc7398ae9463d3bbfae60adbb83227c17c1702a2e5b8f8703a44e4,13913427,2019/10/25 07:03:48,THPvaUhoh2Qn2y9THCZML3H815hhFhn5YC,TXFBqBbqJommqZf7BV8NNYzePh97UmJodJ,true,SUCCESS,40000000.000000
ce95e38dbc798fd7d77371bf97b3a661aea3e558bedfcf746c07f9bd42860d47,13913418,2019/10/25 07:03:21,T9yD14Nj9j7xAB4dbGeiX9h8unkKHxuWwb,THPvaUhoh2Qn2y9THCZML3H815hhFhn5YC,true,SUCCESS,40000000.000000
8a936384253de430984053a4662b4691973bb162846960b21a7d19fc4e853bc1,13901527,2019/10/24 21:08:15,THPvaUhoh2Qn2y9THCZML3H815hhFhn5YC,TNCmcTdyrYKMtmE1KU2itzeCX76jGm5Not,true,SUCCESS,25000000.000000
c9c750d8220ba3e48f8878d3be3615f88e9bcafba7674aa22242e7662bcedf81,13901506,2019/10/24 21:07:12,T9yD14Nj9j7xAB4dbGeiX9h8unkKHxuWwb,THPvaUhoh2Qn2y9THCZML3H815hhFhn5YC,true,SUCCESS,25000000.000000
251e2a4409738fe25cb50fca05868b21b6be8346bdc63691ad84c74ede0a9cd5,13901297,2019/10/24 20:56:45,THPvaUhoh2Qn2y9THCZML3H815hhFhn5YC,TXFBqBbqJommqZf7BV8NNYzePh97UmJodJ,true,SUCCESS,30000000.000000
0d2f3d391988fc10f07c9d698632c7199c06ed331ec8d82e9d5abfa7cf22dd53,13901281,2019/10/24 20:55:57,T9yD14Nj9j7xAB4dbGeiX9h8unkKHxuWwb,THPvaUhoh2Qn2y9THCZML3H815hhFhn5YC,true,SUCCESS,30000000.000000
912dfe869ebf0e7207e0aa8c45319cdbd95ba611b9b7abc3d513a91fc66e8671,13899467,2019/10/24 19:25:09,THPvaUhoh2Qn2y9THCZML3H815hhFhn5YC,TXFBqBbqJommqZf7BV8NNYzePh97UmJodJ,true,SUCCESS,15000000.000000
910bd1f1431e5b8b3f8710da5d7ef816544d65760104fb316f03f188c263d231,13899460,2019/10/24 19:24:48,T9yD14Nj9j7xAB4dbGeiX9h8unkKHxuWwb,THPvaUhoh2Qn2y9THCZML3H815hhFhn5YC,true,SUCCESS,15000000.000000
aa25622d6a68bc395b8eb89788b3b4c61e1a357e141fddf5ca358a056879e498,13899223,2019/10/24 19:12:57,THPvaUhoh2Qn2y9THCZML3H815hhFhn5YC,TLZFUvyNTPDvh7kCigQXUZEecUktSmmgyw,true,SUCCESS,14985000.000000
b7f3208f1b8558369febfcb7761b3fa15c0cac87a26653a8a439e6987467d2bb,13899213,2019/10/24 19:12:27,THPvaUhoh2Qn2y9THCZML3H815hhFhn5YC,TNMDwbHyAQo38tK4fCYe4ooSZXesbK8ExZ,true,SUCCESS,999000.000000
7eb0c6cfe523301a65bb5c25278015f5365d8a8f652b66e113cb898d5fa5f152,13899201,2019/10/24 19:11:51,T9yD14Nj9j7xAB4dbGeiX9h8unkKHxuWwb,THPvaUhoh2Qn2y9THCZML3H815hhFhn5YC,true,SUCCESS,16000000.000000
371f3ddbce8c12075f8329ecd123ddb94f4b5ae93437371570c6cb21434d7efe,13886001,2019/10/24 08:10:45,THPvaUhoh2Qn2y9THCZML3H815hhFhn5YC,TXFBqBbqJommqZf7BV8NNYzePh97UmJodJ,true,SUCCESS,30000000.000000
b61d2cf95f045049132d7e080dea51f0070d204e421eaf10a48e913e3f5628ea,13885996,2019/10/24 08:10:30,T9yD14Nj9j7xAB4dbGeiX9h8unkKHxuWwb,THPvaUhoh2Qn2y9THCZML3H815hhFhn5YC,true,SUCCESS,30000000.000000
0b873afbccb57a46b52c57a7e365962d3819920a235cf764e6002f8d16cbbbc6,13874663,2019/10/23 22:43:18,TDq5HCKhPbB4Lgdww2Ge55KecVupGJhLpq,THPvaUhoh2Qn2y9THCZML3H815hhFhn5YC,true,SUCCESS,1.000000
68ff92b6546113708b1cff3fdaec70a36be6928f7a53ad9b33de13a4ad294e3a,13874556,2019/10/23 22:37:57,THPvaUhoh2Qn2y9THCZML3H815hhFhn5YC,TXFBqBbqJommqZf7BV8NNYzePh97UmJodJ,true,SUCCESS,30000000.000000
559fd4897ee42b2e4ad4a52e15cdd105c0508f5e176b831a4dd46f6887e1f2b6,13874549,2019/10/23 22:37:36,T9yD14Nj9j7xAB4dbGeiX9h8unkKHxuWwb,THPvaUhoh2Qn2y9THCZML3H815hhFhn5YC,true,SUCCESS,30000000.000000
177dbc90aee88f09b60a3a51bef453fe590f893ae65d195d7bc5b363eb33b867,13845957,2019/10/22 22:47:15,THPvaUhoh2Qn2y9THCZML3H815hhFhn5YC,TXFBqBbqJommqZf7BV8NNYzePh97UmJodJ,true,SUCCESS,25000000.000000
529eedde4b7ab3698990fcc5a36ec65acf2187940d9a475b47ed3a2508bf6ce6,13845940,2019/10/22 22:46:24,T9yD14Nj9j7xAB4dbGeiX9h8unkKHxuWwb,THPvaUhoh2Qn2y9THCZML3H815hhFhn5YC,true,SUCCESS,25000000.000000
6b45315735b1cf61df90346a8541c15a4d7ace2b2f6e5a7571f7b0daecea885d,13814548,2019/10/21 20:35:09,THPvaUhoh2Qn2y9THCZML3H815hhFhn5YC,TXFBqBbqJommqZf7BV8NNYzePh97UmJodJ,true,SUCCESS,15000000.000000
139412ffc5c61a733f610ff2d553e68eefbe7e969f4f8d9ae32a9dbfd18dca53,13814526,2019/10/21 20:34:03,T9yD14Nj9j7xAB4dbGeiX9h8unkKHxuWwb,THPvaUhoh2Qn2y9THCZML3H815hhFhn5YC,true,SUCCESS,15000000.000000
c0684e73564a01fbd7821e9964af1864426f0fae9a524daddf4ac80d28d02afb,13798009,2019/10/21 06:47:48,THPvaUhoh2Qn2y9THCZML3H815hhFhn5YC,TXFBqBbqJommqZf7BV8NNYzePh97UmJodJ,true,SUCCESS,10000000.000000
0b9ccbc586c90c462c11a47567828c7afbed107ed44823cef83d29b069138fde,13797996,2019/10/21 06:47:09,T9yD14Nj9j7xAB4dbGeiX9h8unkKHxuWwb,THPvaUhoh2Qn2y9THCZML3H815hhFhn5YC,true,SUCCESS,10000000.000000
60c928f053ba0aec127c0f6d1738fe157ecfb21e7602a948a4bca654a097058b,13785680,2019/10/20 20:31:00,THPvaUhoh2Qn2y9THCZML3H815hhFhn5YC,TXFBqBbqJommqZf7BV8NNYzePh97UmJodJ,true,SUCCESS,8000000.000000
4f25b77200bb00fb44ad891ee76cf32ba4a0aab15a23694072d6a348c5c06dbf,13785672,2019/10/20 20:30:36,T9yD14Nj9j7xAB4dbGeiX9h8unkKHxuWwb,THPvaUhoh2Qn2y9THCZML3H815hhFhn5YC,true,SUCCESS,8000000.000000
1146313f18af0ca733f5566fbf24b6624b8dd1b86bd6c1768abd8ad8d93525f7,13740571,2019/10/19 06:54:15,THPvaUhoh2Qn2y9THCZML3H815hhFhn5YC,TXFBqBbqJommqZf7BV8NNYzePh97UmJodJ,true,SUCCESS,30000000.000000
91bf86423c33851d3c3ff53eaeb3023dbb703cd783578d55ba951138ca3e68d1,13740539,2019/10/19 06:52:39,T9yD14Nj9j7xAB4dbGeiX9h8unkKHxuWwb,THPvaUhoh2Qn2y9THCZML3H815hhFhn5YC,true,SUCCESS,30000000.000000
ca75133b14425d564540a59de3ca17790eda97128f5d51cac008d2b8a2314842,13722678,2019/10/18 15:58:57,THPvaUhoh2Qn2y9THCZML3H815hhFhn5YC,TNCmcTdyrYKMtmE1KU2itzeCX76jGm5Not,true,SUCCESS,20000000.000000
428229c202b91d3a644c0560b539d76b197f19c6b8b05c0c58420589515d2c0e,13722670,2019/10/18 15:58:33,T9yD14Nj9j7xAB4dbGeiX9h8unkKHxuWwb,THPvaUhoh2Qn2y9THCZML3H815hhFhn5YC,true,SUCCESS,20000000.000000
fd6b82ff2cd924e21bd603e093554b63713b49cd6d1e0d6588c6eef5888a4fbb,13609455,2019/10/14 17:34:03,THPvaUhoh2Qn2y9THCZML3H815hhFhn5YC,TNMDwbHyAQo38tK4fCYe4ooSZXesbK8ExZ,true,SUCCESS,2497500.000000
d2ac6c78e1f10cba785f46e384ef04cca90c5fcb1677092a063ae54a7f38b3b2,13609432,2019/10/14 17:32:54,T9yD14Nj9j7xAB4dbGeiX9h8unkKHxuWwb,THPvaUhoh2Qn2y9THCZML3H815hhFhn5YC,true,SUCCESS,2500000.000000
b500a7737cd6dbd5c3765f2d8c5a9e9b8bbad2eb50b2fff1bcbb57ae87e87832,13551837,2019/10/12 17:30:54,THPvaUhoh2Qn2y9THCZML3H815hhFhn5YC,TNMDwbHyAQo38tK4fCYe4ooSZXesbK8ExZ,true,SUCCESS,2497500.000000
67217888cb9baa0018785ec58429cd3047c521bbdcec29a8f616b1f21f983578,13551826,2019/10/12 17:30:21,T9yD14Nj9j7xAB4dbGeiX9h8unkKHxuWwb,THPvaUhoh2Qn2y9THCZML3H815hhFhn5YC,true,SUCCESS,2500000.000000
1506dfac35b04e15d15b535c62cf37b121da3501a02dce927932e90f8b9c35fe,13540977,2019/10/12 08:27:27,THPvaUhoh2Qn2y9THCZML3H815hhFhn5YC,TXFBqBbqJommqZf7BV8NNYzePh97UmJodJ,true,SUCCESS,5000000.000000
eda72304481e1fe58902214bc84c204914ca02e3a43328ec90d4602c26aa4a2c,13540958,2019/10/12 08:26:30,T9yD14Nj9j7xAB4dbGeiX9h8unkKHxuWwb,THPvaUhoh2Qn2y9THCZML3H815hhFhn5YC,true,SUCCESS,5000000.000000
0e08da2a1faa7397e397d396d9982b6fbce01dd752feebd9ada855ad02052549,13523179,2019/10/11 17:35:03,THPvaUhoh2Qn2y9THCZML3H815hhFhn5YC,TSDhhNQtYH2D7NxWFkK9orMcUbRoLJ7N9r,true,SUCCESS,699300.000000
9e669e2842289ed2053064810ae8a864a13f3a0adb05dfbd6c59dbaf2f4aa904,13523171,2019/10/11 17:34:39,T9yD14Nj9j7xAB4dbGeiX9h8unkKHxuWwb,THPvaUhoh2Qn2y9THCZML3H815hhFhn5YC,true,SUCCESS,700000.000000
7ae53ec3d26d30c6fcafb3ae2d1320a54e6d1a296ecc239b0528fcc1cde0e7bb,13518287,2019/10/11 13:30:18,THPvaUhoh2Qn2y9THCZML3H815hhFhn5YC,TNCmcTdyrYKMtmE1KU2itzeCX76jGm5Not,true,SUCCESS,15000000.000000
a2b93dc98cc16862bcf0ac58e6014a80687e7a7c521515e23b2b898477419c93,13518210,2019/10/11 13:26:27,T9yD14Nj9j7xAB4dbGeiX9h8unkKHxuWwb,THPvaUhoh2Qn2y9THCZML3H815hhFhn5YC,true,SUCCESS,15000000.000000
3f22aea72849bcdd942e414e96a3e3faec59d37ecf13756365190bcfc04cc244,13500661,2019/10/10 22:46:39,THPvaUhoh2Qn2y9THCZML3H815hhFhn5YC,TNMDwbHyAQo38tK4fCYe4ooSZXesbK8ExZ,true,SUCCESS,1498500.000000
c10e89d8b527ba63d13edfc60940c0ecb5c01bd06931fce39ac8c64172c9ecfc,13500653,2019/10/10 22:46:15,T9yD14Nj9j7xAB4dbGeiX9h8unkKHxuWwb,THPvaUhoh2Qn2y9THCZML3H815hhFhn5YC,true,SUCCESS,1500000.000000
1d4a4dc29c44c4fd0b54fb0edf06ea54e904078aeaac6aacaf1831b2621205d0,13497370,2019/10/10 20:02:03,THPvaUhoh2Qn2y9THCZML3H815hhFhn5YC,TSDhhNQtYH2D7NxWFkK9orMcUbRoLJ7N9r,true,SUCCESS,899100.000000
7f3b0ea2d4ff1230686c559e15fa51d2074ea03dcb333db2632e015373393309,13497360,2019/10/10 20:01:33,T9yD14Nj9j7xAB4dbGeiX9h8unkKHxuWwb,THPvaUhoh2Qn2y9THCZML3H815hhFhn5YC,true,SUCCESS,1000000.000000
5c732fa15ce8acf2bb03fd40268bc939c8207faa0c43a36b4906d70bcea82e16,13488471,2019/10/10 12:36:42,THPvaUhoh2Qn2y9THCZML3H815hhFhn5YC,TNMDwbHyAQo38tK4fCYe4ooSZXesbK8ExZ,true,SUCCESS,2997000.000000
840d2a510c8fdd91a81f9ee6efda0a6ccc2796d392c3ecbcd9aeb5d54cb16c08,13488466,2019/10/10 12:36:27,T9yD14Nj9j7xAB4dbGeiX9h8unkKHxuWwb,THPvaUhoh2Qn2y9THCZML3H815hhFhn5YC,true,SUCCESS,3000000.000000
d7b4bb9a502d9d22f5c383b0d788293e2f6da55f3016b49be7d3d3cde0c345fb,13467883,2019/10/09 19:26:15,THPvaUhoh2Qn2y9THCZML3H815hhFhn5YC,TNMDwbHyAQo38tK4fCYe4ooSZXesbK8ExZ,true,SUCCESS,2997000.000000
9a2d294d2d04f18aa978c0489da8aacde83ae324b8e15b792eeaa3d70564656e,13467875,2019/10/09 19:25:51,T9yD14Nj9j7xAB4dbGeiX9h8unkKHxuWwb,THPvaUhoh2Qn2y9THCZML3H815hhFhn5YC,true,SUCCESS,3000000.000000
51d4639c2e73591355a9d8246e95f34c876dcc89558d267035dbd3ab481dffb9,13438312,2019/10/08 18:46:33,THPvaUhoh2Qn2y9THCZML3H815hhFhn5YC,TSDhhNQtYH2D7NxWFkK9orMcUbRoLJ7N9r,true,SUCCESS,1448550.000000
d54dd6cb6788b5ccfa8eca1b9ae2f9085e5778a374d0456fbb7b6dd4fdf3b8db,13438300,2019/10/08 18:45:57,T9yD14Nj9j7xAB4dbGeiX9h8unkKHxuWwb,THPvaUhoh2Qn2y9THCZML3H815hhFhn5YC,true,SUCCESS,1500000.000000
2666a7727638a9abb855d0b6fc045ff1b47d2fea62572c51ded877bfda83e41b,13413697,2019/10/07 22:14:21,THPvaUhoh2Qn2y9THCZML3H815hhFhn5YC,TNMDwbHyAQo38tK4fCYe4ooSZXesbK8ExZ,true,SUCCESS,2997000.000000
f79c1938a409fcc16be216d26296358230f44da0a0dddc367ef143f06d58954d,13413688,2019/10/07 22:13:54,T9yD14Nj9j7xAB4dbGeiX9h8unkKHxuWwb,THPvaUhoh2Qn2y9THCZML3H815hhFhn5YC,true,SUCCESS,3000000.000000
b26a624fdbed8da2889ba8695e4aaf94d3a137413bfb661143b206db8e545400,13408309,2019/10/07 17:44:45,THPvaUhoh2Qn2y9THCZML3H815hhFhn5YC,TNMDwbHyAQo38tK4fCYe4ooSZXesbK8ExZ,true,SUCCESS,2997000.000000
2cd6c6e71415ac708f52c090794d15d9bd1b665936c9e703c58cda74448d0b84,13408296,2019/10/07 17:44:06,T9yD14Nj9j7xAB4dbGeiX9h8unkKHxuWwb,THPvaUhoh2Qn2y9THCZML3H815hhFhn5YC,true,SUCCESS,3000000.000000
39843d34af627ac7680c2b7eec17579c72141a0170df19bc0cb1c89fca86d611,13408046,2019/10/07 17:31:36,THPvaUhoh2Qn2y9THCZML3H815hhFhn5YC,TQNbjZ17omiq1yxAf9BCpMAu3LpkcyWp3i,true,SUCCESS,5994000.000000
c85f45277c5a662c42d1b41b5d1707d71904a2043ead2fbd90de3b37282c3d56,13408037,2019/10/07 17:31:09,THPvaUhoh2Qn2y9THCZML3H815hhFhn5YC,TSDhhNQtYH2D7NxWFkK9orMcUbRoLJ7N9r,true,SUCCESS,6393600.000000
aa318cdd7b6cb51626f1d74fa8d42e749a473537970a9c269c4aa453e3f170f1,13408026,2019/10/07 17:30:36,T9yD14Nj9j7xAB4dbGeiX9h8unkKHxuWwb,THPvaUhoh2Qn2y9THCZML3H815hhFhn5YC,true,SUCCESS,12387600.000000
b3c9d41ef5e88f1989063a66c6f9c92af9a0406233ca5e2bd3c52d6b2b15aa12,13403297,2019/10/07 13:34:03,THPvaUhoh2Qn2y9THCZML3H815hhFhn5YC,TNMDwbHyAQo38tK4fCYe4ooSZXesbK8ExZ,true,SUCCESS,2997000.000000
7edc202053d38c6808cccdda45903c789ee340f14a6db5c5504eaef914e2ee6e,13403281,2019/10/07 13:33:15,T9yD14Nj9j7xAB4dbGeiX9h8unkKHxuWwb,THPvaUhoh2Qn2y9THCZML3H815hhFhn5YC,true,SUCCESS,3000000.000000
c26633d22a970944c73f51968ab683af1950abc3b1c1438e70229ffbaafd51fd,13377670,2019/10/06 16:11:54,THPvaUhoh2Qn2y9THCZML3H815hhFhn5YC,TNMDwbHyAQo38tK4fCYe4ooSZXesbK8ExZ,true,SUCCESS,1498500.000000
174a73640a214eb9698a0f0e5d7bae6fd58ba67119ea11fede9cd94fba52ea6d,13377663,2019/10/06 16:11:33,T9yD14Nj9j7xAB4dbGeiX9h8unkKHxuWwb,THPvaUhoh2Qn2y9THCZML3H815hhFhn5YC,true,SUCCESS,1500000.000000
5f6141c34880a694103e43c80a3b4cbf85bd289060db560da21691e92dde92ed,13356057,2019/10/05 22:10:21,THPvaUhoh2Qn2y9THCZML3H815hhFhn5YC,TNMDwbHyAQo38tK4fCYe4ooSZXesbK8ExZ,true,SUCCESS,1998000.000000
3399d72787489a7a87bc1f28a692e14b5bc229711eed3c7d2dc04f3c997f2887,13356038,2019/10/05 22:09:24,T9yD14Nj9j7xAB4dbGeiX9h8unkKHxuWwb,THPvaUhoh2Qn2y9THCZML3H815hhFhn5YC,true,SUCCESS,2000000.000000
adde3ecb853675579be3c60ee7ab31d721f35eae3252be9aad3d4d071e611da3,13350731,2019/10/05 17:43:57,THPvaUhoh2Qn2y9THCZML3H815hhFhn5YC,TNMDwbHyAQo38tK4fCYe4ooSZXesbK8ExZ,true,SUCCESS,1998000.000000
bda9ca1ab029223cb58268720bf60fa384270c4820b479b22711b91c8dc4bffe,13350723,2019/10/05 17:43:33,T9yD14Nj9j7xAB4dbGeiX9h8unkKHxuWwb,THPvaUhoh2Qn2y9THCZML3H815hhFhn5YC,true,SUCCESS,2000000.000000
27607e7f48eb09d65723a9180b563ddbf58b927ab945573478e0e7a163a59b57,13320842,2019/10/04 16:48:45,THPvaUhoh2Qn2y9THCZML3H815hhFhn5YC,TSDhhNQtYH2D7NxWFkK9orMcUbRoLJ7N9r,true,SUCCESS,12587400.000000
0c5868aa9a6dee98fa1e83e4426692ecf4b4c4ee84a3ced69d9f39ba83e5fd8d,13320828,2019/10/04 16:48:03,T9yD14Nj9j7xAB4dbGeiX9h8unkKHxuWwb,THPvaUhoh2Qn2y9THCZML3H815hhFhn5YC,true,SUCCESS,12600000.000000
8fc53b8f39b9e0eba2ab822780f98f5f4b6a6c82d701ca45f2a2ca033718db19,13280355,2019/10/03 07:02:57,THPvaUhoh2Qn2y9THCZML3H815hhFhn5YC,TNMDwbHyAQo38tK4fCYe4ooSZXesbK8ExZ,true,SUCCESS,1998000.000000
bb029316c79b2f5c264ff5a0488b8019bf1502c8e124ba4d621bb77a39f064de,13280346,2019/10/03 07:02:30,T9yD14Nj9j7xAB4dbGeiX9h8unkKHxuWwb,THPvaUhoh2Qn2y9THCZML3H815hhFhn5YC,true,SUCCESS,2000000.000000
58e1bd2a6979a175833068cf67e79f15d404eea8e21f90653376a7502cf5e34d,13267695,2019/10/02 20:29:27,THPvaUhoh2Qn2y9THCZML3H815hhFhn5YC,TNMDwbHyAQo38tK4fCYe4ooSZXesbK8ExZ,true,SUCCESS,1998000.000000
eece4b6cbef1ef964a04813820d7e44def6e4595c9d2bb02a7fefae9036ae820,13267684,2019/10/02 20:28:54,T9yD14Nj9j7xAB4dbGeiX9h8unkKHxuWwb,THPvaUhoh2Qn2y9THCZML3H815hhFhn5YC,true,SUCCESS,2000000.000000
aba0e33d451f577b96177423195aecacf7b4e2c3266135390a94f4902596c174,13261242,2019/10/02 15:06:42,THPvaUhoh2Qn2y9THCZML3H815hhFhn5YC,TNMDwbHyAQo38tK4fCYe4ooSZXesbK8ExZ,true,SUCCESS,1998000.000000
1dc9bb98bb4afc150ec3c8b27f3d0f1989ceccb5f084a6bc610fef127ceee0c5,13261235,2019/10/02 15:06:21,T9yD14Nj9j7xAB4dbGeiX9h8unkKHxuWwb,THPvaUhoh2Qn2y9THCZML3H815hhFhn5YC,true,SUCCESS,2000000.000000
37441351e72e943928cb523fad56793b42fd42bac2982d3c04774bfb69c49c77,13251211,2019/10/02 06:44:45,THPvaUhoh2Qn2y9THCZML3H815hhFhn5YC,TNMDwbHyAQo38tK4fCYe4ooSZXesbK8ExZ,true,SUCCESS,1998000.000000
405311d54a7cb93e0d32e7bd3019c0d278372792c13de59299fc2dbd722d759d,13251204,2019/10/02 06:44:24,T9yD14Nj9j7xAB4dbGeiX9h8unkKHxuWwb,THPvaUhoh2Qn2y9THCZML3H815hhFhn5YC,true,SUCCESS,2000000.000000
305b055b7d6cf05058b8adbb2247e599331b3426c653b2b122710ef1b627a2ff,13234809,2019/10/01 17:04:03,THPvaUhoh2Qn2y9THCZML3H815hhFhn5YC,TNMDwbHyAQo38tK4fCYe4ooSZXesbK8ExZ,true,SUCCESS,2997000.000000
9ba0c8d9cf396933d89ec1f339a5978aa90f3ba36dfd07bf0f4f2a0240f9b5ae,13234794,2019/10/01 17:03:18,T9yD14Nj9j7xAB4dbGeiX9h8unkKHxuWwb,THPvaUhoh2Qn2y9THCZML3H815hhFhn5YC,true,SUCCESS,3000000.000000
072ffb405902dd321aa476fe71371bf362f1b138d435a4e3a1d9315fc8fe185e,13223048,2019/10/01 07:15:15,THPvaUhoh2Qn2y9THCZML3H815hhFhn5YC,TNMDwbHyAQo38tK4fCYe4ooSZXesbK8ExZ,true,SUCCESS,2097900.000000
07586d7f8a4e343ce798e397c43689a17e91952d69e65324df2c8b1ab192bd59,13223036,2019/10/01 07:14:39,T9yD14Nj9j7xAB4dbGeiX9h8unkKHxuWwb,THPvaUhoh2Qn2y9THCZML3H815hhFhn5YC,true,SUCCESS,2000000.000000
071fd0f6a74561c19324cf522ada23f66483a7178695ec13ff088a0017baed05,13207911,2019/09/30 18:37:27,THPvaUhoh2Qn2y9THCZML3H815hhFhn5YC,TNMDwbHyAQo38tK4fCYe4ooSZXesbK8ExZ,true,SUCCESS,2995000.000000
101f5503cd980054db56045558ce354154e5e7ba99eaa551eb7fc9b77e917009,13207894,2019/09/30 18:36:36,T9yD14Nj9j7xAB4dbGeiX9h8unkKHxuWwb,THPvaUhoh2Qn2y9THCZML3H815hhFhn5YC,true,SUCCESS,3000000.000000
0c2a7d3318b00b9c18ba9e2a96dfa13cea128bb98b6ea8cf15c5372fe70de278,13203814,2019/09/30 15:12:15,THPvaUhoh2Qn2y9THCZML3H815hhFhn5YC,TNMDwbHyAQo38tK4fCYe4ooSZXesbK8ExZ,true,SUCCESS,2998900.000000
922bab5e0f994f42f7d986d24257e23934c6febe648872e76ee409dd6bb43b49,13203777,2019/09/30 15:10:24,T9yD14Nj9j7xAB4dbGeiX9h8unkKHxuWwb,THPvaUhoh2Qn2y9THCZML3H815hhFhn5YC,true,SUCCESS,3000000.000000
be446ece4b0914f15f93fa7a9c24874cc6c7c7e4258e0c518102b36a7aceafe4,13203561,2019/09/30 14:59:36,THPvaUhoh2Qn2y9THCZML3H815hhFhn5YC,TNMDwbHyAQo38tK4fCYe4ooSZXesbK8ExZ,true,SUCCESS,100.000000
6116eb1bfe73f73a648b7ae7b72ece2f3aa578852e853f806b957037479ffb5e,13093202,2019/09/26 18:50:03,THPvaUhoh2Qn2y9THCZML3H815hhFhn5YC,T9yD14Nj9j7xAB4dbGeiX9h8unkKHxuWwb,true,SUCCESS,10000000.000000
f84953f41b92a462659fda65ef596de085c1127d73eefe07f986ca140a0e53f7,13093166,2019/09/26 18:48:15,TNCmcTdyrYKMtmE1KU2itzeCX76jGm5Not,THPvaUhoh2Qn2y9THCZML3H815hhFhn5YC,true,SUCCESS,10000000.000000
5fb1de8d5ef504e475465a961cc4bce55b445a94198c8290e1ef156035052bba,13030978,2019/09/24 14:55:42,THPvaUhoh2Qn2y9THCZML3H815hhFhn5YC,TSzQsRCPmAAuAcipfS28GVPa1WGT5r6Syi,true,SUCCESS,57.681407
3641cf7fa507b690ab0f4662b441e7c956cb23a343f7739091658e6425f3f4d2,12256862,2019/08/28 17:12:30,THPvaUhoh2Qn2y9THCZML3H815hhFhn5YC,TPkFST1b8WTKBCAayLfwecFzRjEhsQodke,true,SUCCESS,2755.774259
74ea99bb5e4cbbc9d718479250cfa077b60ea364df0f0c623d4b7e91215e33e2,12146716,2019/08/24 21:16:51,TQKF3344LToXNYfgnTSYejuit85WwJbh9r,THPvaUhoh2Qn2y9THCZML3H815hhFhn5YC,true,SUCCESS,1.00000E-13
ad0e32faa0f5e4fe354f79d8407a16f053cb2d4ccae690bbcb8ee776df863569,11673193,2019/08/08 08:50:57,THPvaUhoh2Qn2y9THCZML3H815hhFhn5YC,TXFBqBbqJommqZf7BV8NNYzePh97UmJodJ,true,SUCCESS,5000000.000000
10e91afd95ed65240b2f15babbe79f280365a703981d89bbd968dccb7ca41f4b,11673143,2019/08/08 08:48:27,T9yD14Nj9j7xAB4dbGeiX9h8unkKHxuWwb,THPvaUhoh2Qn2y9THCZML3H815hhFhn5YC,true,SUCCESS,5000000.000000
8a1168b968f282e913de4ad5c7aad347f6abd5d78fe8675e34a95107c0d69978,11442616,2019/07/31 07:55:54,THPvaUhoh2Qn2y9THCZML3H815hhFhn5YC,TXFBqBbqJommqZf7BV8NNYzePh97UmJodJ,true,SUCCESS,7500000.000000
0625f53050a8b0ee03c63baa672e703e8008a33492baf3ac922fa5742ab300d0,11442561,2019/07/31 07:53:09,T9yD14Nj9j7xAB4dbGeiX9h8unkKHxuWwb,THPvaUhoh2Qn2y9THCZML3H815hhFhn5YC,true,SUCCESS,7500000.000000
e8785aae14cb7817d659e94f1bcf0bc6861dbff5a05ab1ec810770f4e4edcc23,11106213,2019/07/19 07:57:24,THPvaUhoh2Qn2y9THCZML3H815hhFhn5YC,TYiFbaktu4NZ78Yz8ocESbpsCUNPZ1BMaV,true,SUCCESS,12000000.000000
f8711f82c3b0d2b80b27ab428a9c86d6b32916ecd49c5bea78a623aa4e364b5c,11106034,2019/07/19 07:48:27,T9yD14Nj9j7xAB4dbGeiX9h8unkKHxuWwb,THPvaUhoh2Qn2y9THCZML3H815hhFhn5YC,true,SUCCESS,12000000.000000
1e4a5296151ffc113260eb84925ec51bdded090c851448742807b6152b43aa49,11086396,2019/07/18 15:25:00,THPvaUhoh2Qn2y9THCZML3H815hhFhn5YC,TLwF8uq2HBpVYKEUget1S7d6H11d1rtLDj,true,SUCCESS,10.000000
08f73bafa3205cf5a4e2b37ba66249d60412f955455040eff7032ca4a50d3dc0,11085552,2019/07/18 14:42:48,THPvaUhoh2Qn2y9THCZML3H815hhFhn5YC,TXFBqBbqJommqZf7BV8NNYzePh97UmJodJ,true,SUCCESS,100.000000
c08f899177c4f0708fe4f09604f12614381a2e0d5c799aef9542060b14497fe2,10945832,2019/07/13 18:00:57,THPvaUhoh2Qn2y9THCZML3H815hhFhn5YC,TNCmcTdyrYKMtmE1KU2itzeCX76jGm5Not,true,SUCCESS,50000000.000000
a4886e9c1f919e3acb9053b9b05c9df68adc25e71ea3a5f91bb6cb382d208538,10945597,2019/07/13 17:49:06,THPvaUhoh2Qn2y9THCZML3H815hhFhn5YC,T9yD14Nj9j7xAB4dbGeiX9h8unkKHxuWwb,true,SUCCESS,4500000000.000000
b4ed31104f7a517442da38489b35fb79ff05090df80c1595a2281f0f0331196c,10945464,2019/07/13 17:42:27,T9yD14Nj9j7xAB4dbGeiX9h8unkKHxuWwb,THPvaUhoh2Qn2y9THCZML3H815hhFhn5YC,true,SUCCESS,50000000.000000
3cf74a3a00a0b5e532bb107799a7f8e82fb400bc6fe5912122d405350494eb14,10945406,2019/07/13 17:39:33,THPvaUhoh2Qn2y9THCZML3H815hhFhn5YC,T9yD14Nj9j7xAB4dbGeiX9h8unkKHxuWwb,true,SUCCESS,500000000.000000
baa094deb9cfc3535dfd5bce27574d58cbae3ee75ec406c484a7aeeaead12ea7,10945303,2019/07/13 17:34:24,T9yD14Nj9j7xAB4dbGeiX9h8unkKHxuWwb,THPvaUhoh2Qn2y9THCZML3H815hhFhn5YC,true,SUCCESS,5000000000.000000
9e3d43f925a8130a61e4764bde2f6543ada57a55d246fb59bb8331d1ac3395bf,9259967,2019/05/15 19:43:18,THPvaUhoh2Qn2y9THCZML3H815hhFhn5YC,T9yD14Nj9j7xAB4dbGeiX9h8unkKHxuWwb,true,SUCCESS,11000000.000000
fe8a329dd933556cad088fe4b3d1a161476b2f3c4015c73953e94554c6e1e9bc,9259908,2019/05/15 19:40:21,TNCmcTdyrYKMtmE1KU2itzeCX76jGm5Not,THPvaUhoh2Qn2y9THCZML3H815hhFhn5YC,true,SUCCESS,11000000.000000
c91be369c21c70c7630ebbe82ab91758f6defb907fd6c35898f55af5784919bb,9259785,2019/05/15 19:34:12,THPvaUhoh2Qn2y9THCZML3H815hhFhn5YC,T9yD14Nj9j7xAB4dbGeiX9h8unkKHxuWwb,true,SUCCESS,15000000.000000
9243032b6052d7a4341f13a3649c5211d0bd94aa4e5157870bb304e14e50350e,9259682,2019/05/15 19:29:03,TNCmcTdyrYKMtmE1KU2itzeCX76jGm5Not,THPvaUhoh2Qn2y9THCZML3H815hhFhn5YC,true,SUCCESS,10000000.000000
169dc187345d95df18139c744c168a0c75e01ae1dce555723d8fa706fa14346a,9259162,2019/05/15 19:03:00,TNCmcTdyrYKMtmE1KU2itzeCX76jGm5Not,THPvaUhoh2Qn2y9THCZML3H815hhFhn5YC,true,SUCCESS,5000000.000000
e5e41aa1e73b65ecaba6e3712c681671257efad27b5e2d6b21de66aef235ec44,9104665,2019/05/10 07:56:36,THPvaUhoh2Qn2y9THCZML3H815hhFhn5YC,T9yD14Nj9j7xAB4dbGeiX9h8unkKHxuWwb,true,SUCCESS,74000000.000000
75c1f2863fa33d5f2e682157b3a8a9475ea5a7d5fc286dec18052bc8c47d8780,9104632,2019/05/10 07:54:57,TAyAA1xjZGyjQYP8UHp5qFtRcLgUG2XnPi,THPvaUhoh2Qn2y9THCZML3H815hhFhn5YC,true,SUCCESS,30000000.000000
e97df67ff3e2b3e68559541887d6e2e1e33f97259ad25cafc60ff742f3eeaa2f,9090964,2019/05/09 20:27:57,TNCmcTdyrYKMtmE1KU2itzeCX76jGm5Not,THPvaUhoh2Qn2y9THCZML3H815hhFhn5YC,true,SUCCESS,1000000.000000
5557da26b8f94a7885a50b234eb34a649930a89e3fab8bea3c3b546d43e08909,8859818,2019/05/01 18:10:18,TAyAA1xjZGyjQYP8UHp5qFtRcLgUG2XnPi,THPvaUhoh2Qn2y9THCZML3H815hhFhn5YC,true,SUCCESS,40000000.000000
17538b4cbdbc1f52249b1792d345f86f65e4f690d80cb12ce8a675ef9f129485,8794341,2019/04/29 11:12:03,THPvaUhoh2Qn2y9THCZML3H815hhFhn5YC,TVTVDVUGFDED2Tgj9XR4jRYc21B9zUTiiE,true,SUCCESS,2000000.000000
4dbeeb6cc6d3409b00ff4dc4d268ed32b52de070047ca34180c6450092b83bb9,8791811,2019/04/29 09:04:42,THPvaUhoh2Qn2y9THCZML3H815hhFhn5YC,TVTVDVUGFDED2Tgj9XR4jRYc21B9zUTiiE,true,SUCCESS,100.000000
18b7b79470723ca47f6c3d68d515b91686675b3637d5eca5d2e73af282790d80,8777767,2019/04/28 21:16:15,THPvaUhoh2Qn2y9THCZML3H815hhFhn5YC,TG6dQsA7f31XUSzkyoNJDsu6gRAzVwysfP,true,SUCCESS,100.000000
cc0d0af848f10736cd4549aa079b8b5fff2d9ecc7e0ae291f16dff71c3bd9b9a,8769909,2019/04/28 14:41:06,THPvaUhoh2Qn2y9THCZML3H815hhFhn5YC,TYtCXTU6EVj2QsoAwnxKG2oEn3LZ3UJisj,true,SUCCESS,9995.000000
1b0ffc47575e7e951047734535a52cce0b79c0b91be88015282379c5d82403e3,8769871,2019/04/28 14:39:12,T9yD14Nj9j7xAB4dbGeiX9h8unkKHxuWwb,THPvaUhoh2Qn2y9THCZML3H815hhFhn5YC,true,SUCCESS,5500000.000000
f8880e053bd7431d07a1fec92b004172c1b5f898560fc9a528f08151b0e6954c,8769796,2019/04/28 14:35:27,T9yD14Nj9j7xAB4dbGeiX9h8unkKHxuWwb,THPvaUhoh2Qn2y9THCZML3H815hhFhn5YC,true,SUCCESS,1000.000000
9d1613fa5f78709744a8a6b9c99570292a7a1ed14154edaea8b6a853352c4164,8742921,2019/04/27 16:01:48,THPvaUhoh2Qn2y9THCZML3H815hhFhn5YC,TNCmcTdyrYKMtmE1KU2itzeCX76jGm5Not,true,SUCCESS,13000000.000000
2914b977ec0b17ffdf3e6347b53dd2218b36e22faaedf71df79b386e81e1342f,8742648,2019/04/27 15:48:00,THPvaUhoh2Qn2y9THCZML3H815hhFhn5YC,TNCmcTdyrYKMtmE1KU2itzeCX76jGm5Not,true,SUCCESS,13000000.000000
ac21ab05ed0e915933f209fe447e6e7f2e9f7dc67c78fe561a52f377634d8c3f,8742370,2019/04/27 15:33:51,T9yD14Nj9j7xAB4dbGeiX9h8unkKHxuWwb,THPvaUhoh2Qn2y9THCZML3H815hhFhn5YC,true,SUCCESS,26000000.000000
9158aa6978cf48ca87425a0ab44d470c0fb5a5731325a7e231d07e16a4899cd9,8742326,2019/04/27 15:31:30,THPvaUhoh2Qn2y9THCZML3H815hhFhn5YC,TNCmcTdyrYKMtmE1KU2itzeCX76jGm5Not,true,SUCCESS,5000000.000000
bc813df10c22615719bdffdc2d5f95be56596b90a2c19a8278ac5bc3c69730fd,8690226,2019/04/25 19:42:09,THPvaUhoh2Qn2y9THCZML3H815hhFhn5YC,TNCmcTdyrYKMtmE1KU2itzeCX76jGm5Not,true,SUCCESS,1000000.000000
fddfc1f3f5de45996b35a332aa8132ce04c3c9360a7e3798f925075761efef4d,8689426,2019/04/25 19:01:27,T9yD14Nj9j7xAB4dbGeiX9h8unkKHxuWwb,THPvaUhoh2Qn2y9THCZML3H815hhFhn5YC,true,SUCCESS,6000000.000000
0ba4233f94c693f24963a7b34c1076f454cb4d027f2e3686f14cdcb5fa31f746,8688941,2019/04/25 18:37:06,THPvaUhoh2Qn2y9THCZML3H815hhFhn5YC,TNCmcTdyrYKMtmE1KU2itzeCX76jGm5Not,true,SUCCESS,500000.000000
8eb92ac92022eae2d9a089373c48fad404ae6f68ca5311ebf1ad07589d08454d,8688912,2019/04/25 18:35:39,T9yD14Nj9j7xAB4dbGeiX9h8unkKHxuWwb,THPvaUhoh2Qn2y9THCZML3H815hhFhn5YC,true,SUCCESS,500000.000000
a5788bd3fcdad27436f4dcaa6d60bf5992eec5d6d3376460f2bafb16c2208351,8663415,2019/04/24 21:12:12,THPvaUhoh2Qn2y9THCZML3H815hhFhn5YC,TAyAA1xjZGyjQYP8UHp5qFtRcLgUG2XnPi,true,SUCCESS,49900000.000000
b50772dd61fb2700e474aec2f3a98a4f24379c5aff8c1cabbe90d7fbcdb32473,8663365,2019/04/24 21:09:39,T9yD14Nj9j7xAB4dbGeiX9h8unkKHxuWwb,THPvaUhoh2Qn2y9THCZML3H815hhFhn5YC,true,SUCCESS,49900000.000000
51b1b541d7e347e27101f90742d4e6648b8801e78c71507d2a4ca086bbb47122,8601299,2019/04/22 17:12:12,THPvaUhoh2Qn2y9THCZML3H815hhFhn5YC,TNCmcTdyrYKMtmE1KU2itzeCX76jGm5Not,true,SUCCESS,1000.000000
ab18878f13853f683ad142f6147f5fbf66d4e59db8921a268a7b7232051e3f1d,8601165,2019/04/22 17:05:30,T9yD14Nj9j7xAB4dbGeiX9h8unkKHxuWwb,THPvaUhoh2Qn2y9THCZML3H815hhFhn5YC,true,SUCCESS,1000.000000
90c8635b018725396c02cd74ccf7f7d1f5a3f147e37ebca4796788447acc22e7,8487546,2019/04/18 18:04:03,THPvaUhoh2Qn2y9THCZML3H815hhFhn5YC,TPJxc7u8zjbZeLqAKgbCowifkfRaNxSTAk,true,SUCCESS,50000000.000000
b0a5e019ce1f6ab4bc43a68d680c52fc6fc7aa57a9ca4e0d011243bbb251d6fa,8487410,2019/04/18 17:56:57,T9yD14Nj9j7xAB4dbGeiX9h8unkKHxuWwb,THPvaUhoh2Qn2y9THCZML3H815hhFhn5YC,true,SUCCESS,50000000.000000
476b47305d992e1f609cde968789fabf5106515dda124842a6b0095b82418e10,8480977,2019/04/18 12:33:45,THPvaUhoh2Qn2y9THCZML3H815hhFhn5YC,T9yD14Nj9j7xAB4dbGeiX9h8unkKHxuWwb,true,SUCCESS,0.500000
f09678c9d3c051998bc57496eef2c4e1b698431cb6a7b5cc7d46462114bdc5ff,8480929,2019/04/18 12:31:21,T9yD14Nj9j7xAB4dbGeiX9h8unkKHxuWwb,THPvaUhoh2Qn2y9THCZML3H815hhFhn5YC,true,SUCCESS,1.000000
4ee26f366f5f62864af6ff0a1f70d94b7bc6cc0518b9634fb35f59300f5cc0c7,8480864,2019/04/18 12:28:06,T9yD14Nj9j7xAB4dbGeiX9h8unkKHxuWwb,THPvaUhoh2Qn2y9THCZML3H815hhFhn5YC,true,SUCCESS,0.100000
77e8c69f51bcd7f3ef87ca3a0fb1a23af7157096d16c4c06902179a1600981d0,8418440,2019/04/16 07:51:12,THPvaUhoh2Qn2y9THCZML3H815hhFhn5YC,TTA2TkJRCqG4sfrwHhGAUnFdXDc2fNQhGj,true,SUCCESS,0.100000
5853774aa3a42bb03f1855bf09b40003493ac8b5ac99ad0a48f89b79cd4a225d,8401878,2019/04/15 18:00:09,THPvaUhoh2Qn2y9THCZML3H815hhFhn5YC,TTA2TkJRCqG4sfrwHhGAUnFdXDc2fNQhGj,true,SUCCESS,1000
